[    3874ms] [WARNING] No previously cached ECS telemetry config exists - fallback to sending event @ https://content.powerapps.com/resource/webplayerbus/hashedresources/25q9tvvnh1hs3/js/es6.apphost-runtime.js:35
[    3875ms] [LOG] ECS - Config fetch complete @ https://content.powerapps.com/resource/webplayerbus/hashedresources/25q9tvvnh1hs3/js/es6.apphost-runtime.js:35
[    4155ms] [INFO] %cDownload the React DevTools for a better development experience: https://fb.me/react-devtools font-weight:bold @ https://content.powerapps.com/resource/webplayerbus/hashedresources/hrsjbd7tci8l1/js/es6.webplayer-host-ui.js:456917
[    4265ms] [ERROR] Warning: React.createElement: type is invalid -- expected a string (for built-in components) or a class/function (for composite components) but got: %s.%s undefined  You likely forgot to export your component from the file it's defined in, or you might have mixed up default and named imports. @ https://content.powerapps.com/resource/webplayerbus/hashedresources/hrsjbd7tci8l1/js/es6.webplayer-host-ui.js:458628
[    4357ms] [WARNING] No previously cached ECS telemetry config exists - fallback to sending event @ https://content.powerapps.com/resource/webplayerbus/hashedresources/25q9tvvnh1hs3/js/es6.apphost-runtime.js:35
[    4357ms] [LOG] ECS - Config fetch complete @ https://content.powerapps.com/resource/webplayerbus/hashedresources/25q9tvvnh1hs3/js/es6.apphost-runtime.js:35
[    4650ms] [WARNING] Warning: componentWillReceiveProps has been renamed, and is not recommended for use. See https://fb.me/react-unsafe-component-lifecycles for details.

* Move data fetching code or side effects to componentDidUpdate.
* If you're updating state whenever props change, refactor your code to use memoization techniques or move it to static getDerivedStateFromProps. Learn more at: https://fb.me/react-derived-state
* Rename componentWillReceiveProps to UNSAFE_componentWillReceiveProps to suppress this warning in non-strict mode. In React 17.x, only the UNSAFE_ name will work. To rename all deprecated lifecycles to their new names, you can run `npx react-codemod rename-unsafe-lifecycles` in your project source folder.

Please update the following components: %s Xe @ https://content.powerapps.com/resource/webplayerbus/hashedresources/hrsjbd7tci8l1/js/es6.webplayer-host-ui.js:435437
[    4675ms] [WARNING] Warning: componentWillReceiveProps has been renamed, and is not recommended for use. See https://fb.me/react-unsafe-component-lifecycles for details.

* Move data fetching code or side effects to componentDidUpdate.
* If you're updating state whenever props change, refactor your code to use memoization techniques or move it to static getDerivedStateFromProps. Learn more at: https://fb.me/react-derived-state
* Rename componentWillReceiveProps to UNSAFE_componentWillReceiveProps to suppress this warning in non-strict mode. In React 17.x, only the UNSAFE_ name will work. To rename all deprecated lifecycles to their new names, you can run `npx react-codemod rename-unsafe-lifecycles` in your project source folder.

Please update the following components: %s w @ https://content.powerapps.com/resource/webplayerbus/hashedresources/hrsjbd7tci8l1/js/es6.webplayer-host-ui.js:435437
[    5433ms] [ERROR] Warning: Can't perform a React state update on an unmounted component. This is a no-op, but it indicates a memory leak in your application. To fix, cancel all subscriptions and asynchronous tasks in %s.%s the componentWillUnmount method 
    in T (created by Connect(T))
    in Connect(T) (created by o)
    in o (created by Xe)
    in div (created by de)
    in de (created by Xe)
    in div (created by Ee)
    in Ee (created by Xe)
    in div (created by Ee)
    in Ee (created by Xe)
    in c (created by Xe)
    in n (created by Xe)
    in div (created by Xe) @ https://content.powerapps.com/resource/webplayerbus/hashedresources/hrsjbd7tci8l1/js/es6.webplayer-host-ui.js:435437
[   34872ms] [ERROR] PING failed to receive PONG message Error: Timed out after 30000ms while making a call to the 'In Memory Data Provider'.
    at https://6578df9f308b466eac803f99f06830c8.wus.us.powerapps.powerplatformusercontent.com/20260911t141451z8cbef9829e/assets/index-CF8X8q9V.js?skoid=3dbc96d3-0d12-427b-a1cf-47940917a6cd&sktid=975f013f-7f24-47e8-a7d3-abc4752bf346&skt=2026-09-11T14%3A00%3A00Z&ske=2026-09-18T14%3A00%3A00Z&sks=b&skv=2025-07-05&sv=2025-07-05&spr=https&st=2026-09-11T14%3A15%3A05Z&se=2026-09-17T00%3A00%3A00Z&sr=c&sp=rl&scid=f5ccd8bb-31a0-4753-b212-06da0bf1d3db&sig=YoNsgCZ%2BoPiEZ%2F%2B5BsulJs61M8R4UOkZRN55cM%2FMXcI%3D:385:96 @ https://6578df9f308b466eac803f99f06830c8.wus.us.powerapps.powerplatformusercontent.com/20260911t141451z8cbef9829e/assets/index-CF8X8q9V.js?skoid=3dbc96d3-0d12-427b-a1cf-47940917a6cd&sktid=975f013f-7f24-47e8-a7d3-abc4752bf346&skt=2026-09-11T14%3A00%3A00Z&ske=2026-09-18T14%3A00%3A00Z&sks=b&skv=2025-07-05&sv=2025-07-05&spr=https&st=2026-09-11T14%3A15%3A05Z&se=2026-09-17T00%3A00%3A00Z&sr=c&sp=rl&scid=f5ccd8bb-31a0-4753-b212-06da0bf1d3db&sig=YoNsgCZ%2BoPiEZ%2F%2B5BsulJs61M8R4UOkZRN55cM%2FMXcI%3D:384
[   34872ms] [ERROR] Failed to log info for AppGenDataClient/Initialized Error: Timed out after 30000ms while making a call to the 'In Memory Data Provider'.
    at https://6578df9f308b466eac803f99f06830c8.wus.us.powerapps.powerplatformusercontent.com/20260911t141451z8cbef9829e/assets/index-CF8X8q9V.js?skoid=3dbc96d3-0d12-427b-a1cf-47940917a6cd&sktid=975f013f-7f24-47e8-a7d3-abc4752bf346&skt=2026-09-11T14%3A00%3A00Z&ske=2026-09-18T14%3A00%3A00Z&sks=b&skv=2025-07-05&sv=2025-07-05&spr=https&st=2026-09-11T14%3A15%3A05Z&se=2026-09-17T00%3A00%3A00Z&sr=c&sp=rl&scid=f5ccd8bb-31a0-4753-b212-06da0bf1d3db&sig=YoNsgCZ%2BoPiEZ%2F%2B5BsulJs61M8R4UOkZRN55cM%2FMXcI%3D:385:96 @ https://6578df9f308b466eac803f99f06830c8.wus.us.powerapps.powerplatformusercontent.com/20260911t141451z8cbef9829e/assets/index-CF8X8q9V.js?skoid=3dbc96d3-0d12-427b-a1cf-47940917a6cd&sktid=975f013f-7f24-47e8-a7d3-abc4752bf346&skt=2026-09-11T14%3A00%3A00Z&ske=2026-09-18T14%3A00%3A00Z&sks=b&skv=2025-07-05&sv=2025-07-05&spr=https&st=2026-09-11T14%3A15%3A05Z&se=2026-09-17T00%3A00%3A00Z&sr=c&sp=rl&scid=f5ccd8bb-31a0-4753-b212-06da0bf1d3db&sig=YoNsgCZ%2BoPiEZ%2F%2B5BsulJs61M8R4UOkZRN55cM%2FMXcI%3D:384
[   34872ms] [ERROR] Failed to log info for retrieveMultipleRecordsAsync/Started Error: Timed out after 30000ms while making a call to the 'In Memory Data Provider'.
    at https://6578df9f308b466eac803f99f06830c8.wus.us.powerapps.powerplatformusercontent.com/20260911t141451z8cbef9829e/assets/index-CF8X8q9V.js?skoid=3dbc96d3-0d12-427b-a1cf-47940917a6cd&sktid=975f013f-7f24-47e8-a7d3-abc4752bf346&skt=2026-09-11T14%3A00%3A00Z&ske=2026-09-18T14%3A00%3A00Z&sks=b&skv=2025-07-05&sv=2025-07-05&spr=https&st=2026-09-11T14%3A15%3A05Z&se=2026-09-17T00%3A00%3A00Z&sr=c&sp=rl&scid=f5ccd8bb-31a0-4753-b212-06da0bf1d3db&sig=YoNsgCZ%2BoPiEZ%2F%2B5BsulJs61M8R4UOkZRN55cM%2FMXcI%3D:385:96 @ https://6578df9f308b466eac803f99f06830c8.wus.us.powerapps.powerplatformusercontent.com/20260911t141451z8cbef9829e/assets/index-CF8X8q9V.js?skoid=3dbc96d3-0d12-427b-a1cf-47940917a6cd&sktid=975f013f-7f24-47e8-a7d3-abc4752bf346&skt=2026-09-11T14%3A00%3A00Z&ske=2026-09-18T14%3A00%3A00Z&sks=b&skv=2025-07-05&sv=2025-07-05&spr=https&st=2026-09-11T14%3A15%3A05Z&se=2026-09-17T00%3A00%3A00Z&sr=c&sp=rl&scid=f5ccd8bb-31a0-4753-b212-06da0bf1d3db&sig=YoNsgCZ%2BoPiEZ%2F%2B5BsulJs61M8R4UOkZRN55cM%2FMXcI%3D:384
[   34873ms] Error: Timed out after 30000ms while making a call to the 'In Memory Data Provider'.
    at https://6578df9f308b466eac803f99f06830c8.wus.us.powerapps.powerplatformusercontent.com/20260911t141451z8cbef9829e/assets/index-CF8X8q9V.js?skoid=3dbc96d3-0d12-427b-a1cf-47940917a6cd&sktid=975f013f-7f24-47e8-a7d3-abc4752bf346&skt=2026-09-11T14%3A00%3A00Z&ske=2026-09-18T14%3A00%3A00Z&sks=b&skv=2025-07-05&sv=2025-07-05&spr=https&st=2026-09-11T14%3A15%3A05Z&se=2026-09-17T00%3A00%3A00Z&sr=c&sp=rl&scid=f5ccd8bb-31a0-4753-b212-06da0bf1d3db&sig=YoNsgCZ%2BoPiEZ%2F%2B5BsulJs61M8R4UOkZRN55cM%2FMXcI%3D:385:96
[   36371ms] [ERROR] Failed to log info for retrieveMultipleRecordsAsync/Completed Error: Timed out after 30000ms while making a call to the 'In Memory Data Provider'.
    at https://6578df9f308b466eac803f99f06830c8.wus.us.powerapps.powerplatformusercontent.com/20260911t141451z8cbef9829e/assets/index-CF8X8q9V.js?skoid=3dbc96d3-0d12-427b-a1cf-47940917a6cd&sktid=975f013f-7f24-47e8-a7d3-abc4752bf346&skt=2026-09-11T14%3A00%3A00Z&ske=2026-09-18T14%3A00%3A00Z&sks=b&skv=2025-07-05&sv=2025-07-05&spr=https&st=2026-09-11T14%3A15%3A05Z&se=2026-09-17T00%3A00%3A00Z&sr=c&sp=rl&scid=f5ccd8bb-31a0-4753-b212-06da0bf1d3db&sig=YoNsgCZ%2BoPiEZ%2F%2B5BsulJs61M8R4UOkZRN55cM%2FMXcI%3D:385:96 @ https://6578df9f308b466eac803f99f06830c8.wus.us.powerapps.powerplatformusercontent.com/20260911t141451z8cbef9829e/assets/index-CF8X8q9V.js?skoid=3dbc96d3-0d12-427b-a1cf-47940917a6cd&sktid=975f013f-7f24-47e8-a7d3-abc4752bf346&skt=2026-09-11T14%3A00%3A00Z&ske=2026-09-18T14%3A00%3A00Z&sks=b&skv=2025-07-05&sv=2025-07-05&spr=https&st=2026-09-11T14%3A15%3A05Z&se=2026-09-17T00%3A00%3A00Z&sr=c&sp=rl&scid=f5ccd8bb-31a0-4753-b212-06da0bf1d3db&sig=YoNsgCZ%2BoPiEZ%2F%2B5BsulJs61M8R4UOkZRN55cM%2FMXcI%3D:384
[   98070ms] [ERROR] Failed to log info for retrieveMultipleRecordsAsync/Started Error: Timed out after 30000ms while making a call to the 'In Memory Data Provider'.
    at https://6578df9f308b466eac803f99f06830c8.wus.us.powerapps.powerplatformusercontent.com/20260911t141451z8cbef9829e/assets/index-CF8X8q9V.js?skoid=3dbc96d3-0d12-427b-a1cf-47940917a6cd&sktid=975f013f-7f24-47e8-a7d3-abc4752bf346&skt=2026-09-11T14%3A00%3A00Z&ske=2026-09-18T14%3A00%3A00Z&sks=b&skv=2025-07-05&sv=2025-07-05&spr=https&st=2026-09-11T14%3A15%3A05Z&se=2026-09-17T00%3A00%3A00Z&sr=c&sp=rl&scid=f5ccd8bb-31a0-4753-b212-06da0bf1d3db&sig=YoNsgCZ%2BoPiEZ%2F%2B5BsulJs61M8R4UOkZRN55cM%2FMXcI%3D:385:96 @ https://6578df9f308b466eac803f99f06830c8.wus.us.powerapps.powerplatformusercontent.com/20260911t141451z8cbef9829e/assets/index-CF8X8q9V.js?skoid=3dbc96d3-0d12-427b-a1cf-47940917a6cd&sktid=975f013f-7f24-47e8-a7d3-abc4752bf346&skt=2026-09-11T14%3A00%3A00Z&ske=2026-09-18T14%3A00%3A00Z&sks=b&skv=2025-07-05&sv=2025-07-05&spr=https&st=2026-09-11T14%3A15%3A05Z&se=2026-09-17T00%3A00%3A00Z&sr=c&sp=rl&scid=f5ccd8bb-31a0-4753-b212-06da0bf1d3db&sig=YoNsgCZ%2BoPiEZ%2F%2B5BsulJs61M8R4UOkZRN55cM%2FMXcI%3D:384
[   98070ms] [ERROR] Failed to log info for retrieveMultipleRecordsAsync/Started Error: Timed out after 30000ms while making a call to the 'In Memory Data Provider'.
    at https://6578df9f308b466eac803f99f06830c8.wus.us.powerapps.powerplatformusercontent.com/20260911t141451z8cbef9829e/assets/index-CF8X8q9V.js?skoid=3dbc96d3-0d12-427b-a1cf-47940917a6cd&sktid=975f013f-7f24-47e8-a7d3-abc4752bf346&skt=2026-09-11T14%3A00%3A00Z&ske=2026-09-18T14%3A00%3A00Z&sks=b&skv=2025-07-05&sv=2025-07-05&spr=https&st=2026-09-11T14%3A15%3A05Z&se=2026-09-17T00%3A00%3A00Z&sr=c&sp=rl&scid=f5ccd8bb-31a0-4753-b212-06da0bf1d3db&sig=YoNsgCZ%2BoPiEZ%2F%2B5BsulJs61M8R4UOkZRN55cM%2FMXcI%3D:385:96 @ https://6578df9f308b466eac803f99f06830c8.wus.us.powerapps.powerplatformusercontent.com/20260911t141451z8cbef9829e/assets/index-CF8X8q9V.js?skoid=3dbc96d3-0d12-427b-a1cf-47940917a6cd&sktid=975f013f-7f24-47e8-a7d3-abc4752bf346&skt=2026-09-11T14%3A00%3A00Z&ske=2026-09-18T14%3A00%3A00Z&sks=b&skv=2025-07-05&sv=2025-07-05&spr=https&st=2026-09-11T14%3A15%3A05Z&se=2026-09-17T00%3A00%3A00Z&sr=c&sp=rl&scid=f5ccd8bb-31a0-4753-b212-06da0bf1d3db&sig=YoNsgCZ%2BoPiEZ%2F%2B5BsulJs61M8R4UOkZRN55cM%2FMXcI%3D:384
[   98070ms] [ERROR] Failed to log info for retrieveMultipleRecordsAsync/Started Error: Timed out after 30000ms while making a call to the 'In Memory Data Provider'.
    at https://6578df9f308b466eac803f99f06830c8.wus.us.powerapps.powerplatformusercontent.com/20260911t141451z8cbef9829e/assets/index-CF8X8q9V.js?skoid=3dbc96d3-0d12-427b-a1cf-47940917a6cd&sktid=975f013f-7f24-47e8-a7d3-abc4752bf346&skt=2026-09-11T14%3A00%3A00Z&ske=2026-09-18T14%3A00%3A00Z&sks=b&skv=2025-07-05&sv=2025-07-05&spr=https&st=2026-09-11T14%3A15%3A05Z&se=2026-09-17T00%3A00%3A00Z&sr=c&sp=rl&scid=f5ccd8bb-31a0-4753-b212-06da0bf1d3db&sig=YoNsgCZ%2BoPiEZ%2F%2B5BsulJs61M8R4UOkZRN55cM%2FMXcI%3D:385:96 @ https://6578df9f308b466eac803f99f06830c8.wus.us.powerapps.powerplatformusercontent.com/20260911t141451z8cbef9829e/assets/index-CF8X8q9V.js?skoid=3dbc96d3-0d12-427b-a1cf-47940917a6cd&sktid=975f013f-7f24-47e8-a7d3-abc4752bf346&skt=2026-09-11T14%3A00%3A00Z&ske=2026-09-18T14%3A00%3A00Z&sks=b&skv=2025-07-05&sv=2025-07-05&spr=https&st=2026-09-11T14%3A15%3A05Z&se=2026-09-17T00%3A00%3A00Z&sr=c&sp=rl&scid=f5ccd8bb-31a0-4753-b212-06da0bf1d3db&sig=YoNsgCZ%2BoPiEZ%2F%2B5BsulJs61M8R4UOkZRN55cM%2FMXcI%3D:384
[   98070ms] [ERROR] Failed to log info for retrieveMultipleRecordsAsync/Started Error: Timed out after 30000ms while making a call to the 'In Memory Data Provider'.
    at https://6578df9f308b466eac803f99f06830c8.wus.us.powerapps.powerplatformusercontent.com/20260911t141451z8cbef9829e/assets/index-CF8X8q9V.js?skoid=3dbc96d3-0d12-427b-a1cf-47940917a6cd&sktid=975f013f-7f24-47e8-a7d3-abc4752bf346&skt=2026-09-11T14%3A00%3A00Z&ske=2026-09-18T14%3A00%3A00Z&sks=b&skv=2025-07-05&sv=2025-07-05&spr=https&st=2026-09-11T14%3A15%3A05Z&se=2026-09-17T00%3A00%3A00Z&sr=c&sp=rl&scid=f5ccd8bb-31a0-4753-b212-06da0bf1d3db&sig=YoNsgCZ%2BoPiEZ%2F%2B5BsulJs61M8R4UOkZRN55cM%2FMXcI%3D:385:96 @ https://6578df9f308b466eac803f99f06830c8.wus.us.powerapps.powerplatformusercontent.com/20260911t141451z8cbef9829e/assets/index-CF8X8q9V.js?skoid=3dbc96d3-0d12-427b-a1cf-47940917a6cd&sktid=975f013f-7f24-47e8-a7d3-abc4752bf346&skt=2026-09-11T14%3A00%3A00Z&ske=2026-09-18T14%3A00%3A00Z&sks=b&skv=2025-07-05&sv=2025-07-05&spr=https&st=2026-09-11T14%3A15%3A05Z&se=2026-09-17T00%3A00%3A00Z&sr=c&sp=rl&scid=f5ccd8bb-31a0-4753-b212-06da0bf1d3db&sig=YoNsgCZ%2BoPiEZ%2F%2B5BsulJs61M8R4UOkZRN55cM%2FMXcI%3D:384
[   98070ms] [ERROR] Failed to log info for retrieveMultipleRecordsAsync/Started Error: Timed out after 30000ms while making a call to the 'In Memory Data Provider'.
    at https://6578df9f308b466eac803f99f06830c8.wus.us.powerapps.powerplatformusercontent.com/20260911t141451z8cbef9829e/assets/index-CF8X8q9V.js?skoid=3dbc96d3-0d12-427b-a1cf-47940917a6cd&sktid=975f013f-7f24-47e8-a7d3-abc4752bf346&skt=2026-09-11T14%3A00%3A00Z&ske=2026-09-18T14%3A00%3A00Z&sks=b&skv=2025-07-05&sv=2025-07-05&spr=https&st=2026-09-11T14%3A15%3A05Z&se=2026-09-17T00%3A00%3A00Z&sr=c&sp=rl&scid=f5ccd8bb-31a0-4753-b212-06da0bf1d3db&sig=YoNsgCZ%2BoPiEZ%2F%2B5BsulJs61M8R4UOkZRN55cM%2FMXcI%3D:385:96 @ https://6578df9f308b466eac803f99f06830c8.wus.us.powerapps.powerplatformusercontent.com/20260911t141451z8cbef9829e/assets/index-CF8X8q9V.js?skoid=3dbc96d3-0d12-427b-a1cf-47940917a6cd&sktid=975f013f-7f24-47e8-a7d3-abc4752bf346&skt=2026-09-11T14%3A00%3A00Z&ske=2026-09-18T14%3A00%3A00Z&sks=b&skv=2025-07-05&sv=2025-07-05&spr=https&st=2026-09-11T14%3A15%3A05Z&se=2026-09-17T00%3A00%3A00Z&sr=c&sp=rl&scid=f5ccd8bb-31a0-4753-b212-06da0bf1d3db&sig=YoNsgCZ%2BoPiEZ%2F%2B5BsulJs61M8R4UOkZRN55cM%2FMXcI%3D:384
[   98422ms] [ERROR] Failed to log info for retrieveMultipleRecordsAsync/Completed Error: Timed out after 30000ms while making a call to the 'In Memory Data Provider'.
    at https://6578df9f308b466eac803f99f06830c8.wus.us.powerapps.powerplatformusercontent.com/20260911t141451z8cbef9829e/assets/index-CF8X8q9V.js?skoid=3dbc96d3-0d12-427b-a1cf-47940917a6cd&sktid=975f013f-7f24-47e8-a7d3-abc4752bf346&skt=2026-09-11T14%3A00%3A00Z&ske=2026-09-18T14%3A00%3A00Z&sks=b&skv=2025-07-05&sv=2025-07-05&spr=https&st=2026-09-11T14%3A15%3A05Z&se=2026-09-17T00%3A00%3A00Z&sr=c&sp=rl&scid=f5ccd8bb-31a0-4753-b212-06da0bf1d3db&sig=YoNsgCZ%2BoPiEZ%2F%2B5BsulJs61M8R4UOkZRN55cM%2FMXcI%3D:385:96 @ https://6578df9f308b466eac803f99f06830c8.wus.us.powerapps.powerplatformusercontent.com/20260911t141451z8cbef9829e/assets/index-CF8X8q9V.js?skoid=3dbc96d3-0d12-427b-a1cf-47940917a6cd&sktid=975f013f-7f24-47e8-a7d3-abc4752bf346&skt=2026-09-11T14%3A00%3A00Z&ske=2026-09-18T14%3A00%3A00Z&sks=b&skv=2025-07-05&sv=2025-07-05&spr=https&st=2026-09-11T14%3A15%3A05Z&se=2026-09-17T00%3A00%3A00Z&sr=c&sp=rl&scid=f5ccd8bb-31a0-4753-b212-06da0bf1d3db&sig=YoNsgCZ%2BoPiEZ%2F%2B5BsulJs61M8R4UOkZRN55cM%2FMXcI%3D:384
[   98512ms] [ERROR] Failed to log info for retrieveMultipleRecordsAsync/Completed Error: Timed out after 30000ms while making a call to the 'In Memory Data Provider'.
    at https://6578df9f308b466eac803f99f06830c8.wus.us.powerapps.powerplatformusercontent.com/20260911t141451z8cbef9829e/assets/index-CF8X8q9V.js?skoid=3dbc96d3-0d12-427b-a1cf-47940917a6cd&sktid=975f013f-7f24-47e8-a7d3-abc4752bf346&skt=2026-09-11T14%3A00%3A00Z&ske=2026-09-18T14%3A00%3A00Z&sks=b&skv=2025-07-05&sv=2025-07-05&spr=https&st=2026-09-11T14%3A15%3A05Z&se=2026-09-17T00%3A00%3A00Z&sr=c&sp=rl&scid=f5ccd8bb-31a0-4753-b212-06da0bf1d3db&sig=YoNsgCZ%2BoPiEZ%2F%2B5BsulJs61M8R4UOkZRN55cM%2FMXcI%3D:385:96 @ https://6578df9f308b466eac803f99f06830c8.wus.us.powerapps.powerplatformusercontent.com/20260911t141451z8cbef9829e/assets/index-CF8X8q9V.js?skoid=3dbc96d3-0d12-427b-a1cf-47940917a6cd&sktid=975f013f-7f24-47e8-a7d3-abc4752bf346&skt=2026-09-11T14%3A00%3A00Z&ske=2026-09-18T14%3A00%3A00Z&sks=b&skv=2025-07-05&sv=2025-07-05&spr=https&st=2026-09-11T14%3A15%3A05Z&se=2026-09-17T00%3A00%3A00Z&sr=c&sp=rl&scid=f5ccd8bb-31a0-4753-b212-06da0bf1d3db&sig=YoNsgCZ%2BoPiEZ%2F%2B5BsulJs61M8R4UOkZRN55cM%2FMXcI%3D:384
[   98731ms] [ERROR] Failed to log info for retrieveMultipleRecordsAsync/Completed Error: Timed out after 30000ms while making a call to the 'In Memory Data Provider'.
    at https://6578df9f308b466eac803f99f06830c8.wus.us.powerapps.powerplatformusercontent.com/20260911t141451z8cbef9829e/assets/index-CF8X8q9V.js?skoid=3dbc96d3-0d12-427b-a1cf-47940917a6cd&sktid=975f013f-7f24-47e8-a7d3-abc4752bf346&skt=2026-09-11T14%3A00%3A00Z&ske=2026-09-18T14%3A00%3A00Z&sks=b&skv=2025-07-05&sv=2025-07-05&spr=https&st=2026-09-11T14%3A15%3A05Z&se=2026-09-17T00%3A00%3A00Z&sr=c&sp=rl&scid=f5ccd8bb-31a0-4753-b212-06da0bf1d3db&sig=YoNsgCZ%2BoPiEZ%2F%2B5BsulJs61M8R4UOkZRN55cM%2FMXcI%3D:385:96 @ https://6578df9f308b466eac803f99f06830c8.wus.us.powerapps.powerplatformusercontent.com/20260911t141451z8cbef9829e/assets/index-CF8X8q9V.js?skoid=3dbc96d3-0d12-427b-a1cf-47940917a6cd&sktid=975f013f-7f24-47e8-a7d3-abc4752bf346&skt=2026-09-11T14%3A00%3A00Z&ske=2026-09-18T14%3A00%3A00Z&sks=b&skv=2025-07-05&sv=2025-07-05&spr=https&st=2026-09-11T14%3A15%3A05Z&se=2026-09-17T00%3A00%3A00Z&sr=c&sp=rl&scid=f5ccd8bb-31a0-4753-b212-06da0bf1d3db&sig=YoNsgCZ%2BoPiEZ%2F%2B5BsulJs61M8R4UOkZRN55cM%2FMXcI%3D:384
[   99159ms] [ERROR] Failed to log warning for mapDataSourceRowToTypescriptRow/Choice Error: Timed out after 30000ms while making a call to the 'In Memory Data Provider'.
    at https://6578df9f308b466eac803f99f06830c8.wus.us.powerapps.powerplatformusercontent.com/20260911t141451z8cbef9829e/assets/index-CF8X8q9V.js?skoid=3dbc96d3-0d12-427b-a1cf-47940917a6cd&sktid=975f013f-7f24-47e8-a7d3-abc4752bf346&skt=2026-09-11T14%3A00%3A00Z&ske=2026-09-18T14%3A00%3A00Z&sks=b&skv=2025-07-05&sv=2025-07-05&spr=https&st=2026-09-11T14%3A15%3A05Z&se=2026-09-17T00%3A00%3A00Z&sr=c&sp=rl&scid=f5ccd8bb-31a0-4753-b212-06da0bf1d3db&sig=YoNsgCZ%2BoPiEZ%2F%2B5BsulJs61M8R4UOkZRN55cM%2FMXcI%3D:385:96 @ https://6578df9f308b466eac803f99f06830c8.wus.us.powerapps.powerplatformusercontent.com/20260911t141451z8cbef9829e/assets/index-CF8X8q9V.js?skoid=3dbc96d3-0d12-427b-a1cf-47940917a6cd&sktid=975f013f-7f24-47e8-a7d3-abc4752bf346&skt=2026-09-11T14%3A00%3A00Z&ske=2026-09-18T14%3A00%3A00Z&sks=b&skv=2025-07-05&sv=2025-07-05&spr=https&st=2026-09-11T14%3A15%3A05Z&se=2026-09-17T00%3A00%3A00Z&sr=c&sp=rl&scid=f5ccd8bb-31a0-4753-b212-06da0bf1d3db&sig=YoNsgCZ%2BoPiEZ%2F%2B5BsulJs61M8R4UOkZRN55cM%2FMXcI%3D:384
[   99160ms] [ERROR] Failed to log info for retrieveMultipleRecordsAsync/Completed Error: Timed out after 30000ms while making a call to the 'In Memory Data Provider'.
    at https://6578df9f308b466eac803f99f06830c8.wus.us.powerapps.powerplatformusercontent.com/20260911t141451z8cbef9829e/assets/index-CF8X8q9V.js?skoid=3dbc96d3-0d12-427b-a1cf-47940917a6cd&sktid=975f013f-7f24-47e8-a7d3-abc4752bf346&skt=2026-09-11T14%3A00%3A00Z&ske=2026-09-18T14%3A00%3A00Z&sks=b&skv=2025-07-05&sv=2025-07-05&spr=https&st=2026-09-11T14%3A15%3A05Z&se=2026-09-17T00%3A00%3A00Z&sr=c&sp=rl&scid=f5ccd8bb-31a0-4753-b212-06da0bf1d3db&sig=YoNsgCZ%2BoPiEZ%2F%2B5BsulJs61M8R4UOkZRN55cM%2FMXcI%3D:385:96 @ https://6578df9f308b466eac803f99f06830c8.wus.us.powerapps.powerplatformusercontent.com/20260911t141451z8cbef9829e/assets/index-CF8X8q9V.js?skoid=3dbc96d3-0d12-427b-a1cf-47940917a6cd&sktid=975f013f-7f24-47e8-a7d3-abc4752bf346&skt=2026-09-11T14%3A00%3A00Z&ske=2026-09-18T14%3A00%3A00Z&sks=b&skv=2025-07-05&sv=2025-07-05&spr=https&st=2026-09-11T14%3A15%3A05Z&se=2026-09-17T00%3A00%3A00Z&sr=c&sp=rl&scid=f5ccd8bb-31a0-4753-b212-06da0bf1d3db&sig=YoNsgCZ%2BoPiEZ%2F%2B5BsulJs61M8R4UOkZRN55cM%2FMXcI%3D:384
[   99169ms] [ERROR] Failed to log info for retrieveMultipleRecordsAsync/Completed Error: Timed out after 30000ms while making a call to the 'In Memory Data Provider'.
    at https://6578df9f308b466eac803f99f06830c8.wus.us.powerapps.powerplatformusercontent.com/20260911t141451z8cbef9829e/assets/index-CF8X8q9V.js?skoid=3dbc96d3-0d12-427b-a1cf-47940917a6cd&sktid=975f013f-7f24-47e8-a7d3-abc4752bf346&skt=2026-09-11T14%3A00%3A00Z&ske=2026-09-18T14%3A00%3A00Z&sks=b&skv=2025-07-05&sv=2025-07-05&spr=https&st=2026-09-11T14%3A15%3A05Z&se=2026-09-17T00%3A00%3A00Z&sr=c&sp=rl&scid=f5ccd8bb-31a0-4753-b212-06da0bf1d3db&sig=YoNsgCZ%2BoPiEZ%2F%2B5BsulJs61M8R4UOkZRN55cM%2FMXcI%3D:385:96 @ https://6578df9f308b466eac803f99f06830c8.wus.us.powerapps.powerplatformusercontent.com/20260911t141451z8cbef9829e/assets/index-CF8X8q9V.js?skoid=3dbc96d3-0d12-427b-a1cf-47940917a6cd&sktid=975f013f-7f24-47e8-a7d3-abc4752bf346&skt=2026-09-11T14%3A00%3A00Z&ske=2026-09-18T14%3A00%3A00Z&sks=b&skv=2025-07-05&sv=2025-07-05&spr=https&st=2026-09-11T14%3A15%3A05Z&se=2026-09-17T00%3A00%3A00Z&sr=c&sp=rl&scid=f5ccd8bb-31a0-4753-b212-06da0bf1d3db&sig=YoNsgCZ%2BoPiEZ%2F%2B5BsulJs61M8R4UOkZRN55cM%2FMXcI%3D:384
[  304148ms] [LOG] ECS - Config fetch complete @ https://content.powerapps.com/resource/webplayerbus/hashedresources/25q9tvvnh1hs3/js/es6.apphost-runtime.js:35
[  304777ms] [LOG] ECS - Config fetch complete @ https://content.powerapps.com/resource/webplayerbus/hashedresources/25q9tvvnh1hs3/js/es6.apphost-runtime.js:35
[  604381ms] [LOG] ECS - Config fetch complete @ https://content.powerapps.com/resource/webplayerbus/hashedresources/25q9tvvnh1hs3/js/es6.apphost-runtime.js:35
[  605095ms] [LOG] ECS - Config fetch complete @ https://content.powerapps.com/resource/webplayerbus/hashedresources/25q9tvvnh1hs3/js/es6.apphost-runtime.js:35
[  626366ms] [INFO] %cDownload the React DevTools for a better development experience: https://fb.me/react-devtools font-weight:bold @ https://content.powerapps.com/resource/webplayerbus/hashedresources/hrsjbd7tci8l1/js/es6.webplayer-host-ui.js:456917
[  626518ms] [ERROR] Warning: React.createElement: type is invalid -- expected a string (for built-in components) or a class/function (for composite components) but got: %s.%s undefined  You likely forgot to export your component from the file it's defined in, or you might have mixed up default and named imports. @ https://content.powerapps.com/resource/webplayerbus/hashedresources/hrsjbd7tci8l1/js/es6.webplayer-host-ui.js:458628
[  626783ms] [WARNING] No previously cached ECS telemetry config exists - fallback to sending event @ https://content.powerapps.com/resource/webplayerbus/hashedresources/25q9tvvnh1hs3/js/es6.apphost-runtime.js:35
[  626784ms] [LOG] ECS - Config fetch complete @ https://content.powerapps.com/resource/webplayerbus/hashedresources/25q9tvvnh1hs3/js/es6.apphost-runtime.js:35
[  626785ms] [WARNING] No previously cached ECS telemetry config exists - fallback to sending event @ https://content.powerapps.com/resource/webplayerbus/hashedresources/25q9tvvnh1hs3/js/es6.apphost-runtime.js:35
[  626785ms] [LOG] ECS - Config fetch complete @ https://content.powerapps.com/resource/webplayerbus/hashedresources/25q9tvvnh1hs3/js/es6.apphost-runtime.js:35
[  626927ms] [WARNING] Warning: componentWillReceiveProps has been renamed, and is not recommended for use. See https://fb.me/react-unsafe-component-lifecycles for details.

* Move data fetching code or side effects to componentDidUpdate.
* If you're updating state whenever props change, refactor your code to use memoization techniques or move it to static getDerivedStateFromProps. Learn more at: https://fb.me/react-derived-state
* Rename componentWillReceiveProps to UNSAFE_componentWillReceiveProps to suppress this warning in non-strict mode. In React 17.x, only the UNSAFE_ name will work. To rename all deprecated lifecycles to their new names, you can run `npx react-codemod rename-unsafe-lifecycles` in your project source folder.

Please update the following components: %s Xe @ https://content.powerapps.com/resource/webplayerbus/hashedresources/hrsjbd7tci8l1/js/es6.webplayer-host-ui.js:435437
[  626950ms] [WARNING] Warning: componentWillReceiveProps has been renamed, and is not recommended for use. See https://fb.me/react-unsafe-component-lifecycles for details.

* Move data fetching code or side effects to componentDidUpdate.
* If you're updating state whenever props change, refactor your code to use memoization techniques or move it to static getDerivedStateFromProps. Learn more at: https://fb.me/react-derived-state
* Rename componentWillReceiveProps to UNSAFE_componentWillReceiveProps to suppress this warning in non-strict mode. In React 17.x, only the UNSAFE_ name will work. To rename all deprecated lifecycles to their new names, you can run `npx react-codemod rename-unsafe-lifecycles` in your project source folder.

Please update the following components: %s w @ https://content.powerapps.com/resource/webplayerbus/hashedresources/hrsjbd7tci8l1/js/es6.webplayer-host-ui.js:435437
[  627051ms] [ERROR] Warning: Can't perform a React state update on an unmounted component. This is a no-op, but it indicates a memory leak in your application. To fix, cancel all subscriptions and asynchronous tasks in %s.%s the componentWillUnmount method 
    in T (created by Connect(T))
    in Connect(T) (created by o)
    in o (created by Xe)
    in div (created by de)
    in de (created by Xe)
    in div (created by Ee)
    in Ee (created by Xe)
    in div (created by Ee)
    in Ee (created by Xe)
    in c (created by Xe)
    in n (created by Xe)
    in div (created by Xe) @ https://content.powerapps.com/resource/webplayerbus/hashedresources/hrsjbd7tci8l1/js/es6.webplayer-host-ui.js:435437
[  656517ms] [ERROR] PING failed to receive PONG message Error: Timed out after 30000ms while making a call to the 'In Memory Data Provider'.
    at https://6578df9f308b466eac803f99f06830c8.wus.us.powerapps.powerplatformusercontent.com/20260911t141451z8cbef9829e/assets/index-CF8X8q9V.js?skoid=3dbc96d3-0d12-427b-a1cf-47940917a6cd&sktid=975f013f-7f24-47e8-a7d3-abc4752bf346&skt=2026-09-11T14%3A00%3A00Z&ske=2026-09-18T14%3A00%3A00Z&sks=b&skv=2025-07-05&sv=2025-07-05&spr=https&st=2026-09-11T14%3A15%3A05Z&se=2026-09-17T00%3A00%3A00Z&sr=c&sp=rl&scid=f5ccd8bb-31a0-4753-b212-06da0bf1d3db&sig=YoNsgCZ%2BoPiEZ%2F%2B5BsulJs61M8R4UOkZRN55cM%2FMXcI%3D:385:96 @ https://6578df9f308b466eac803f99f06830c8.wus.us.powerapps.powerplatformusercontent.com/20260911t141451z8cbef9829e/assets/index-CF8X8q9V.js?skoid=3dbc96d3-0d12-427b-a1cf-47940917a6cd&sktid=975f013f-7f24-47e8-a7d3-abc4752bf346&skt=2026-09-11T14%3A00%3A00Z&ske=2026-09-18T14%3A00%3A00Z&sks=b&skv=2025-07-05&sv=2025-07-05&spr=https&st=2026-09-11T14%3A15%3A05Z&se=2026-09-17T00%3A00%3A00Z&sr=c&sp=rl&scid=f5ccd8bb-31a0-4753-b212-06da0bf1d3db&sig=YoNsgCZ%2BoPiEZ%2F%2B5BsulJs61M8R4UOkZRN55cM%2FMXcI%3D:384
[  656517ms] [ERROR] Failed to log info for AppGenDataClient/Initialized Error: Timed out after 30000ms while making a call to the 'In Memory Data Provider'.
    at https://6578df9f308b466eac803f99f06830c8.wus.us.powerapps.powerplatformusercontent.com/20260911t141451z8cbef9829e/assets/index-CF8X8q9V.js?skoid=3dbc96d3-0d12-427b-a1cf-47940917a6cd&sktid=975f013f-7f24-47e8-a7d3-abc4752bf346&skt=2026-09-11T14%3A00%3A00Z&ske=2026-09-18T14%3A00%3A00Z&sks=b&skv=2025-07-05&sv=2025-07-05&spr=https&st=2026-09-11T14%3A15%3A05Z&se=2026-09-17T00%3A00%3A00Z&sr=c&sp=rl&scid=f5ccd8bb-31a0-4753-b212-06da0bf1d3db&sig=YoNsgCZ%2BoPiEZ%2F%2B5BsulJs61M8R4UOkZRN55cM%2FMXcI%3D:385:96 @ https://6578df9f308b466eac803f99f06830c8.wus.us.powerapps.powerplatformusercontent.com/20260911t141451z8cbef9829e/assets/index-CF8X8q9V.js?skoid=3dbc96d3-0d12-427b-a1cf-47940917a6cd&sktid=975f013f-7f24-47e8-a7d3-abc4752bf346&skt=2026-09-11T14%3A00%3A00Z&ske=2026-09-18T14%3A00%3A00Z&sks=b&skv=2025-07-05&sv=2025-07-05&spr=https&st=2026-09-11T14%3A15%3A05Z&se=2026-09-17T00%3A00%3A00Z&sr=c&sp=rl&scid=f5ccd8bb-31a0-4753-b212-06da0bf1d3db&sig=YoNsgCZ%2BoPiEZ%2F%2B5BsulJs61M8R4UOkZRN55cM%2FMXcI%3D:384
[  656517ms] [ERROR] Failed to log info for retrieveMultipleRecordsAsync/Started Error: Timed out after 30000ms while making a call to the 'In Memory Data Provider'.
    at https://6578df9f308b466eac803f99f06830c8.wus.us.powerapps.powerplatformusercontent.com/20260911t141451z8cbef9829e/assets/index-CF8X8q9V.js?skoid=3dbc96d3-0d12-427b-a1cf-47940917a6cd&sktid=975f013f-7f24-47e8-a7d3-abc4752bf346&skt=2026-09-11T14%3A00%3A00Z&ske=2026-09-18T14%3A00%3A00Z&sks=b&skv=2025-07-05&sv=2025-07-05&spr=https&st=2026-09-11T14%3A15%3A05Z&se=2026-09-17T00%3A00%3A00Z&sr=c&sp=rl&scid=f5ccd8bb-31a0-4753-b212-06da0bf1d3db&sig=YoNsgCZ%2BoPiEZ%2F%2B5BsulJs61M8R4UOkZRN55cM%2FMXcI%3D:385:96 @ https://6578df9f308b466eac803f99f06830c8.wus.us.powerapps.powerplatformusercontent.com/20260911t141451z8cbef9829e/assets/index-CF8X8q9V.js?skoid=3dbc96d3-0d12-427b-a1cf-47940917a6cd&sktid=975f013f-7f24-47e8-a7d3-abc4752bf346&skt=2026-09-11T14%3A00%3A00Z&ske=2026-09-18T14%3A00%3A00Z&sks=b&skv=2025-07-05&sv=2025-07-05&spr=https&st=2026-09-11T14%3A15%3A05Z&se=2026-09-17T00%3A00%3A00Z&sr=c&sp=rl&scid=f5ccd8bb-31a0-4753-b212-06da0bf1d3db&sig=YoNsgCZ%2BoPiEZ%2F%2B5BsulJs61M8R4UOkZRN55cM%2FMXcI%3D:384
[  656518ms] Error: Timed out after 30000ms while making a call to the 'In Memory Data Provider'.
    at https://6578df9f308b466eac803f99f06830c8.wus.us.powerapps.powerplatformusercontent.com/20260911t141451z8cbef9829e/assets/index-CF8X8q9V.js?skoid=3dbc96d3-0d12-427b-a1cf-47940917a6cd&sktid=975f013f-7f24-47e8-a7d3-abc4752bf346&skt=2026-09-11T14%3A00%3A00Z&ske=2026-09-18T14%3A00%3A00Z&sks=b&skv=2025-07-05&sv=2025-07-05&spr=https&st=2026-09-11T14%3A15%3A05Z&se=2026-09-17T00%3A00%3A00Z&sr=c&sp=rl&scid=f5ccd8bb-31a0-4753-b212-06da0bf1d3db&sig=YoNsgCZ%2BoPiEZ%2F%2B5BsulJs61M8R4UOkZRN55cM%2FMXcI%3D:385:96
[  657550ms] [ERROR] Failed to log info for retrieveMultipleRecordsAsync/Completed Error: Timed out after 30000ms while making a call to the 'In Memory Data Provider'.
    at https://6578df9f308b466eac803f99f06830c8.wus.us.powerapps.powerplatformusercontent.com/20260911t141451z8cbef9829e/assets/index-CF8X8q9V.js?skoid=3dbc96d3-0d12-427b-a1cf-47940917a6cd&sktid=975f013f-7f24-47e8-a7d3-abc4752bf346&skt=2026-09-11T14%3A00%3A00Z&ske=2026-09-18T14%3A00%3A00Z&sks=b&skv=2025-07-05&sv=2025-07-05&spr=https&st=2026-09-11T14%3A15%3A05Z&se=2026-09-17T00%3A00%3A00Z&sr=c&sp=rl&scid=f5ccd8bb-31a0-4753-b212-06da0bf1d3db&sig=YoNsgCZ%2BoPiEZ%2F%2B5BsulJs61M8R4UOkZRN55cM%2FMXcI%3D:385:96 @ https://6578df9f308b466eac803f99f06830c8.wus.us.powerapps.powerplatformusercontent.com/20260911t141451z8cbef9829e/assets/index-CF8X8q9V.js?skoid=3dbc96d3-0d12-427b-a1cf-47940917a6cd&sktid=975f013f-7f24-47e8-a7d3-abc4752bf346&skt=2026-09-11T14%3A00%3A00Z&ske=2026-09-18T14%3A00%3A00Z&sks=b&skv=2025-07-05&sv=2025-07-05&spr=https&st=2026-09-11T14%3A15%3A05Z&se=2026-09-17T00%3A00%3A00Z&sr=c&sp=rl&scid=f5ccd8bb-31a0-4753-b212-06da0bf1d3db&sig=YoNsgCZ%2BoPiEZ%2F%2B5BsulJs61M8R4UOkZRN55cM%2FMXcI%3D:384
[  713574ms] [WARNING] Warning: componentWillReceiveProps has been renamed, and is not recommended for use. See https://fb.me/react-unsafe-component-lifecycles for details.

* Move data fetching code or side effects to componentDidUpdate.
* If you're updating state whenever props change, refactor your code to use memoization techniques or move it to static getDerivedStateFromProps. Learn more at: https://fb.me/react-derived-state
* Rename componentWillReceiveProps to UNSAFE_componentWillReceiveProps to suppress this warning in non-strict mode. In React 17.x, only the UNSAFE_ name will work. To rename all deprecated lifecycles to their new names, you can run `npx react-codemod rename-unsafe-lifecycles` in your project source folder.

Please update the following components: %s Bo @ https://content.powerapps.com/resource/webplayerbus/hashedresources/hrsjbd7tci8l1/js/es6.webplayer-host-ui.js:435437
[  735786ms] [INFO] %cDownload the React DevTools for a better development experience: https://fb.me/react-devtools font-weight:bold @ https://content.powerapps.com/resource/webplayerbus/hashedresources/hrsjbd7tci8l1/js/es6.webplayer-host-ui.js:456917
[  735913ms] [ERROR] Warning: React.createElement: type is invalid -- expected a string (for built-in components) or a class/function (for composite components) but got: %s.%s undefined  You likely forgot to export your component from the file it's defined in, or you might have mixed up default and named imports. @ https://content.powerapps.com/resource/webplayerbus/hashedresources/hrsjbd7tci8l1/js/es6.webplayer-host-ui.js:458628
[  735959ms] [WARNING] No previously cached ECS telemetry config exists - fallback to sending event @ https://content.powerapps.com/resource/webplayerbus/hashedresources/25q9tvvnh1hs3/js/es6.apphost-runtime.js:35
[  735959ms] [LOG] ECS - Config fetch complete @ https://content.powerapps.com/resource/webplayerbus/hashedresources/25q9tvvnh1hs3/js/es6.apphost-runtime.js:35
[  736003ms] [WARNING] Warning: componentWillReceiveProps has been renamed, and is not recommended for use. See https://fb.me/react-unsafe-component-lifecycles for details.

* Move data fetching code or side effects to componentDidUpdate.
* If you're updating state whenever props change, refactor your code to use memoization techniques or move it to static getDerivedStateFromProps. Learn more at: https://fb.me/react-derived-state
* Rename componentWillReceiveProps to UNSAFE_componentWillReceiveProps to suppress this warning in non-strict mode. In React 17.x, only the UNSAFE_ name will work. To rename all deprecated lifecycles to their new names, you can run `npx react-codemod rename-unsafe-lifecycles` in your project source folder.

Please update the following components: %s Xe @ https://content.powerapps.com/resource/webplayerbus/hashedresources/hrsjbd7tci8l1/js/es6.webplayer-host-ui.js:435437
[  736015ms] [WARNING] Warning: componentWillReceiveProps has been renamed, and is not recommended for use. See https://fb.me/react-unsafe-component-lifecycles for details.

* Move data fetching code or side effects to componentDidUpdate.
* If you're updating state whenever props change, refactor your code to use memoization techniques or move it to static getDerivedStateFromProps. Learn more at: https://fb.me/react-derived-state
* Rename componentWillReceiveProps to UNSAFE_componentWillReceiveProps to suppress this warning in non-strict mode. In React 17.x, only the UNSAFE_ name will work. To rename all deprecated lifecycles to their new names, you can run `npx react-codemod rename-unsafe-lifecycles` in your project source folder.

Please update the following components: %s w @ https://content.powerapps.com/resource/webplayerbus/hashedresources/hrsjbd7tci8l1/js/es6.webplayer-host-ui.js:435437
[  736096ms] [WARNING] No previously cached ECS telemetry config exists - fallback to sending event @ https://content.powerapps.com/resource/webplayerbus/hashedresources/25q9tvvnh1hs3/js/es6.apphost-runtime.js:35
[  736097ms] [LOG] ECS - Config fetch complete @ https://content.powerapps.com/resource/webplayerbus/hashedresources/25q9tvvnh1hs3/js/es6.apphost-runtime.js:35
[  736229ms] [ERROR] Warning: Can't perform a React state update on an unmounted component. This is a no-op, but it indicates a memory leak in your application. To fix, cancel all subscriptions and asynchronous tasks in %s.%s the componentWillUnmount method 
    in T (created by Connect(T))
    in Connect(T) (created by o)
    in o (created by Xe)
    in div (created by de)
    in de (created by Xe)
    in div (created by Ee)
    in Ee (created by Xe)
    in div (created by Ee)
    in Ee (created by Xe)
    in c (created by Xe)
    in n (created by Xe)
    in div (created by Xe) @ https://content.powerapps.com/resource/webplayerbus/hashedresources/hrsjbd7tci8l1/js/es6.webplayer-host-ui.js:435437
[  766843ms] [ERROR] PING failed to receive PONG message Error: Timed out after 30000ms while making a call to the 'In Memory Data Provider'.
    at https://6578df9f308b466eac803f99f06830c8.wus.us.powerapps.powerplatformusercontent.com/20260911t142620z821a022c09/assets/index-DnXjYrbG.js?skoid=3dbc96d3-0d12-427b-a1cf-47940917a6cd&sktid=975f013f-7f24-47e8-a7d3-abc4752bf346&skt=2026-09-11T14%3A00%3A00Z&ske=2026-09-18T14%3A00%3A00Z&sks=b&skv=2025-07-05&sv=2025-07-05&spr=https&st=2026-09-11T14%3A25%3A28Z&se=2026-09-17T00%3A00%3A00Z&sr=c&sp=rl&scid=5d93a2bd-791c-42cb-af97-8be7102be1b1&sig=RjisQWmnB8F%2Bxl9bV6LGvGI%2FGxJi2dB2nzGlVhfqZdc%3D:385:96 @ https://6578df9f308b466eac803f99f06830c8.wus.us.powerapps.powerplatformusercontent.com/20260911t142620z821a022c09/assets/index-DnXjYrbG.js?skoid=3dbc96d3-0d12-427b-a1cf-47940917a6cd&sktid=975f013f-7f24-47e8-a7d3-abc4752bf346&skt=2026-09-11T14%3A00%3A00Z&ske=2026-09-18T14%3A00%3A00Z&sks=b&skv=2025-07-05&sv=2025-07-05&spr=https&st=2026-09-11T14%3A25%3A28Z&se=2026-09-17T00%3A00%3A00Z&sr=c&sp=rl&scid=5d93a2bd-791c-42cb-af97-8be7102be1b1&sig=RjisQWmnB8F%2Bxl9bV6LGvGI%2FGxJi2dB2nzGlVhfqZdc%3D:384
[  766843ms] [ERROR] Failed to log info for AppGenDataClient/Initialized Error: Timed out after 30000ms while making a call to the 'In Memory Data Provider'.
    at https://6578df9f308b466eac803f99f06830c8.wus.us.powerapps.powerplatformusercontent.com/20260911t142620z821a022c09/assets/index-DnXjYrbG.js?skoid=3dbc96d3-0d12-427b-a1cf-47940917a6cd&sktid=975f013f-7f24-47e8-a7d3-abc4752bf346&skt=2026-09-11T14%3A00%3A00Z&ske=2026-09-18T14%3A00%3A00Z&sks=b&skv=2025-07-05&sv=2025-07-05&spr=https&st=2026-09-11T14%3A25%3A28Z&se=2026-09-17T00%3A00%3A00Z&sr=c&sp=rl&scid=5d93a2bd-791c-42cb-af97-8be7102be1b1&sig=RjisQWmnB8F%2Bxl9bV6LGvGI%2FGxJi2dB2nzGlVhfqZdc%3D:385:96 @ https://6578df9f308b466eac803f99f06830c8.wus.us.powerapps.powerplatformusercontent.com/20260911t142620z821a022c09/assets/index-DnXjYrbG.js?skoid=3dbc96d3-0d12-427b-a1cf-47940917a6cd&sktid=975f013f-7f24-47e8-a7d3-abc4752bf346&skt=2026-09-11T14%3A00%3A00Z&ske=2026-09-18T14%3A00%3A00Z&sks=b&skv=2025-07-05&sv=2025-07-05&spr=https&st=2026-09-11T14%3A25%3A28Z&se=2026-09-17T00%3A00%3A00Z&sr=c&sp=rl&scid=5d93a2bd-791c-42cb-af97-8be7102be1b1&sig=RjisQWmnB8F%2Bxl9bV6LGvGI%2FGxJi2dB2nzGlVhfqZdc%3D:384
[  766843ms] [ERROR] Failed to log info for retrieveMultipleRecordsAsync/Started Error: Timed out after 30000ms while making a call to the 'In Memory Data Provider'.
    at https://6578df9f308b466eac803f99f06830c8.wus.us.powerapps.powerplatformusercontent.com/20260911t142620z821a022c09/assets/index-DnXjYrbG.js?skoid=3dbc96d3-0d12-427b-a1cf-47940917a6cd&sktid=975f013f-7f24-47e8-a7d3-abc4752bf346&skt=2026-09-11T14%3A00%3A00Z&ske=2026-09-18T14%3A00%3A00Z&sks=b&skv=2025-07-05&sv=2025-07-05&spr=https&st=2026-09-11T14%3A25%3A28Z&se=2026-09-17T00%3A00%3A00Z&sr=c&sp=rl&scid=5d93a2bd-791c-42cb-af97-8be7102be1b1&sig=RjisQWmnB8F%2Bxl9bV6LGvGI%2FGxJi2dB2nzGlVhfqZdc%3D:385:96 @ https://6578df9f308b466eac803f99f06830c8.wus.us.powerapps.powerplatformusercontent.com/20260911t142620z821a022c09/assets/index-DnXjYrbG.js?skoid=3dbc96d3-0d12-427b-a1cf-47940917a6cd&sktid=975f013f-7f24-47e8-a7d3-abc4752bf346&skt=2026-09-11T14%3A00%3A00Z&ske=2026-09-18T14%3A00%3A00Z&sks=b&skv=2025-07-05&sv=2025-07-05&spr=https&st=2026-09-11T14%3A25%3A28Z&se=2026-09-17T00%3A00%3A00Z&sr=c&sp=rl&scid=5d93a2bd-791c-42cb-af97-8be7102be1b1&sig=RjisQWmnB8F%2Bxl9bV6LGvGI%2FGxJi2dB2nzGlVhfqZdc%3D:384
[  766843ms] Error: Timed out after 30000ms while making a call to the 'In Memory Data Provider'.
    at https://6578df9f308b466eac803f99f06830c8.wus.us.powerapps.powerplatformusercontent.com/20260911t142620z821a022c09/assets/index-DnXjYrbG.js?skoid=3dbc96d3-0d12-427b-a1cf-47940917a6cd&sktid=975f013f-7f24-47e8-a7d3-abc4752bf346&skt=2026-09-11T14%3A00%3A00Z&ske=2026-09-18T14%3A00%3A00Z&sks=b&skv=2025-07-05&sv=2025-07-05&spr=https&st=2026-09-11T14%3A25%3A28Z&se=2026-09-17T00%3A00%3A00Z&sr=c&sp=rl&scid=5d93a2bd-791c-42cb-af97-8be7102be1b1&sig=RjisQWmnB8F%2Bxl9bV6LGvGI%2FGxJi2dB2nzGlVhfqZdc%3D:385:96
[  767615ms] [ERROR] Failed to log info for retrieveMultipleRecordsAsync/Completed Error: Timed out after 30000ms while making a call to the 'In Memory Data Provider'.
    at https://6578df9f308b466eac803f99f06830c8.wus.us.powerapps.powerplatformusercontent.com/20260911t142620z821a022c09/assets/index-DnXjYrbG.js?skoid=3dbc96d3-0d12-427b-a1cf-47940917a6cd&sktid=975f013f-7f24-47e8-a7d3-abc4752bf346&skt=2026-09-11T14%3A00%3A00Z&ske=2026-09-18T14%3A00%3A00Z&sks=b&skv=2025-07-05&sv=2025-07-05&spr=https&st=2026-09-11T14%3A25%3A28Z&se=2026-09-17T00%3A00%3A00Z&sr=c&sp=rl&scid=5d93a2bd-791c-42cb-af97-8be7102be1b1&sig=RjisQWmnB8F%2Bxl9bV6LGvGI%2FGxJi2dB2nzGlVhfqZdc%3D:385:96 @ https://6578df9f308b466eac803f99f06830c8.wus.us.powerapps.powerplatformusercontent.com/20260911t142620z821a022c09/assets/index-DnXjYrbG.js?skoid=3dbc96d3-0d12-427b-a1cf-47940917a6cd&sktid=975f013f-7f24-47e8-a7d3-abc4752bf346&skt=2026-09-11T14%3A00%3A00Z&ske=2026-09-18T14%3A00%3A00Z&sks=b&skv=2025-07-05&sv=2025-07-05&spr=https&st=2026-09-11T14%3A25%3A28Z&se=2026-09-17T00%3A00%3A00Z&sr=c&sp=rl&scid=5d93a2bd-791c-42cb-af97-8be7102be1b1&sig=RjisQWmnB8F%2Bxl9bV6LGvGI%2FGxJi2dB2nzGlVhfqZdc%3D:384
[  807782ms] [ERROR] Failed to log info for retrieveMultipleRecordsAsync/Started Error: Timed out after 30000ms while making a call to the 'In Memory Data Provider'.
    at https://6578df9f308b466eac803f99f06830c8.wus.us.powerapps.powerplatformusercontent.com/20260911t142620z821a022c09/assets/index-DnXjYrbG.js?skoid=3dbc96d3-0d12-427b-a1cf-47940917a6cd&sktid=975f013f-7f24-47e8-a7d3-abc4752bf346&skt=2026-09-11T14%3A00%3A00Z&ske=2026-09-18T14%3A00%3A00Z&sks=b&skv=2025-07-05&sv=2025-07-05&spr=https&st=2026-09-11T14%3A25%3A28Z&se=2026-09-17T00%3A00%3A00Z&sr=c&sp=rl&scid=5d93a2bd-791c-42cb-af97-8be7102be1b1&sig=RjisQWmnB8F%2Bxl9bV6LGvGI%2FGxJi2dB2nzGlVhfqZdc%3D:385:96 @ https://6578df9f308b466eac803f99f06830c8.wus.us.powerapps.powerplatformusercontent.com/20260911t142620z821a022c09/assets/index-DnXjYrbG.js?skoid=3dbc96d3-0d12-427b-a1cf-47940917a6cd&sktid=975f013f-7f24-47e8-a7d3-abc4752bf346&skt=2026-09-11T14%3A00%3A00Z&ske=2026-09-18T14%3A00%3A00Z&sks=b&skv=2025-07-05&sv=2025-07-05&spr=https&st=2026-09-11T14%3A25%3A28Z&se=2026-09-17T00%3A00%3A00Z&sr=c&sp=rl&scid=5d93a2bd-791c-42cb-af97-8be7102be1b1&sig=RjisQWmnB8F%2Bxl9bV6LGvGI%2FGxJi2dB2nzGlVhfqZdc%3D:384
[  808662ms] [ERROR] Failed to log warning for mapDataSourceRowToTypescriptRow/Choice Error: Timed out after 30000ms while making a call to the 'In Memory Data Provider'.
    at https://6578df9f308b466eac803f99f06830c8.wus.us.powerapps.powerplatformusercontent.com/20260911t142620z821a022c09/assets/index-DnXjYrbG.js?skoid=3dbc96d3-0d12-427b-a1cf-47940917a6cd&sktid=975f013f-7f24-47e8-a7d3-abc4752bf346&skt=2026-09-11T14%3A00%3A00Z&ske=2026-09-18T14%3A00%3A00Z&sks=b&skv=2025-07-05&sv=2025-07-05&spr=https&st=2026-09-11T14%3A25%3A28Z&se=2026-09-17T00%3A00%3A00Z&sr=c&sp=rl&scid=5d93a2bd-791c-42cb-af97-8be7102be1b1&sig=RjisQWmnB8F%2Bxl9bV6LGvGI%2FGxJi2dB2nzGlVhfqZdc%3D:385:96 @ https://6578df9f308b466eac803f99f06830c8.wus.us.powerapps.powerplatformusercontent.com/20260911t142620z821a022c09/assets/index-DnXjYrbG.js?skoid=3dbc96d3-0d12-427b-a1cf-47940917a6cd&sktid=975f013f-7f24-47e8-a7d3-abc4752bf346&skt=2026-09-11T14%3A00%3A00Z&ske=2026-09-18T14%3A00%3A00Z&sks=b&skv=2025-07-05&sv=2025-07-05&spr=https&st=2026-09-11T14%3A25%3A28Z&se=2026-09-17T00%3A00%3A00Z&sr=c&sp=rl&scid=5d93a2bd-791c-42cb-af97-8be7102be1b1&sig=RjisQWmnB8F%2Bxl9bV6LGvGI%2FGxJi2dB2nzGlVhfqZdc%3D:384
[  808664ms] [ERROR] Failed to log info for retrieveMultipleRecordsAsync/Completed Error: Timed out after 30000ms while making a call to the 'In Memory Data Provider'.
    at https://6578df9f308b466eac803f99f06830c8.wus.us.powerapps.powerplatformusercontent.com/20260911t142620z821a022c09/assets/index-DnXjYrbG.js?skoid=3dbc96d3-0d12-427b-a1cf-47940917a6cd&sktid=975f013f-7f24-47e8-a7d3-abc4752bf346&skt=2026-09-11T14%3A00%3A00Z&ske=2026-09-18T14%3A00%3A00Z&sks=b&skv=2025-07-05&sv=2025-07-05&spr=https&st=2026-09-11T14%3A25%3A28Z&se=2026-09-17T00%3A00%3A00Z&sr=c&sp=rl&scid=5d93a2bd-791c-42cb-af97-8be7102be1b1&sig=RjisQWmnB8F%2Bxl9bV6LGvGI%2FGxJi2dB2nzGlVhfqZdc%3D:385:96 @ https://6578df9f308b466eac803f99f06830c8.wus.us.powerapps.powerplatformusercontent.com/20260911t142620z821a022c09/assets/index-DnXjYrbG.js?skoid=3dbc96d3-0d12-427b-a1cf-47940917a6cd&sktid=975f013f-7f24-47e8-a7d3-abc4752bf346&skt=2026-09-11T14%3A00%3A00Z&ske=2026-09-18T14%3A00%3A00Z&sks=b&skv=2025-07-05&sv=2025-07-05&spr=https&st=2026-09-11T14%3A25%3A28Z&se=2026-09-17T00%3A00%3A00Z&sr=c&sp=rl&scid=5d93a2bd-791c-42cb-af97-8be7102be1b1&sig=RjisQWmnB8F%2Bxl9bV6LGvGI%2FGxJi2dB2nzGlVhfqZdc%3D:384
[ 1036124ms] [LOG] ECS - Config fetch complete @ https://content.powerapps.com/resource/webplayerbus/hashedresources/25q9tvvnh1hs3/js/es6.apphost-runtime.js:35
[ 1036409ms] [LOG] ECS - Config fetch complete @ https://content.powerapps.com/resource/webplayerbus/hashedresources/25q9tvvnh1hs3/js/es6.apphost-runtime.js:35
[ 1336411ms] [LOG] ECS - Config fetch complete @ https://content.powerapps.com/resource/webplayerbus/hashedresources/25q9tvvnh1hs3/js/es6.apphost-runtime.js:35
[ 1336755ms] [LOG] ECS - Config fetch complete @ https://content.powerapps.com/resource/webplayerbus/hashedresources/25q9tvvnh1hs3/js/es6.apphost-runtime.js:35
[ 1554067ms] [INFO] %cDownload the React DevTools for a better development experience: https://fb.me/react-devtools font-weight:bold @ https://content.powerapps.com/resource/webplayerbus/hashedresources/hrsjbd7tci8l1/js/es6.webplayer-host-ui.js:456917
[ 1554232ms] [ERROR] Warning: React.createElement: type is invalid -- expected a string (for built-in components) or a class/function (for composite components) but got: %s.%s undefined  You likely forgot to export your component from the file it's defined in, or you might have mixed up default and named imports. @ https://content.powerapps.com/resource/webplayerbus/hashedresources/hrsjbd7tci8l1/js/es6.webplayer-host-ui.js:458628
[ 1554380ms] [WARNING] No previously cached ECS telemetry config exists - fallback to sending event @ https://content.powerapps.com/resource/webplayerbus/hashedresources/25q9tvvnh1hs3/js/es6.apphost-runtime.js:35
[ 1554380ms] [LOG] ECS - Config fetch complete @ https://content.powerapps.com/resource/webplayerbus/hashedresources/25q9tvvnh1hs3/js/es6.apphost-runtime.js:35
[ 1554382ms] [WARNING] No previously cached ECS telemetry config exists - fallback to sending event @ https://content.powerapps.com/resource/webplayerbus/hashedresources/25q9tvvnh1hs3/js/es6.apphost-runtime.js:35
[ 1554382ms] [LOG] ECS - Config fetch complete @ https://content.powerapps.com/resource/webplayerbus/hashedresources/25q9tvvnh1hs3/js/es6.apphost-runtime.js:35
[ 1554588ms] [WARNING] Warning: componentWillReceiveProps has been renamed, and is not recommended for use. See https://fb.me/react-unsafe-component-lifecycles for details.

* Move data fetching code or side effects to componentDidUpdate.
* If you're updating state whenever props change, refactor your code to use memoization techniques or move it to static getDerivedStateFromProps. Learn more at: https://fb.me/react-derived-state
* Rename componentWillReceiveProps to UNSAFE_componentWillReceiveProps to suppress this warning in non-strict mode. In React 17.x, only the UNSAFE_ name will work. To rename all deprecated lifecycles to their new names, you can run `npx react-codemod rename-unsafe-lifecycles` in your project source folder.

Please update the following components: %s Xe @ https://content.powerapps.com/resource/webplayerbus/hashedresources/hrsjbd7tci8l1/js/es6.webplayer-host-ui.js:435437
[ 1554604ms] [WARNING] Warning: componentWillReceiveProps has been renamed, and is not recommended for use. See https://fb.me/react-unsafe-component-lifecycles for details.

* Move data fetching code or side effects to componentDidUpdate.
* If you're updating state whenever props change, refactor your code to use memoization techniques or move it to static getDerivedStateFromProps. Learn more at: https://fb.me/react-derived-state
* Rename componentWillReceiveProps to UNSAFE_componentWillReceiveProps to suppress this warning in non-strict mode. In React 17.x, only the UNSAFE_ name will work. To rename all deprecated lifecycles to their new names, you can run `npx react-codemod rename-unsafe-lifecycles` in your project source folder.

Please update the following components: %s w @ https://content.powerapps.com/resource/webplayerbus/hashedresources/hrsjbd7tci8l1/js/es6.webplayer-host-ui.js:435437
[ 1554654ms] [ERROR] Warning: Can't perform a React state update on an unmounted component. This is a no-op, but it indicates a memory leak in your application. To fix, cancel all subscriptions and asynchronous tasks in %s.%s the componentWillUnmount method 
    in T (created by Connect(T))
    in Connect(T) (created by o)
    in o (created by Xe)
    in div (created by de)
    in de (created by Xe)
    in div (created by Ee)
    in Ee (created by Xe)
    in div (created by Ee)
    in Ee (created by Xe)
    in c (created by Xe)
    in n (created by Xe)
    in div (created by Xe) @ https://content.powerapps.com/resource/webplayerbus/hashedresources/hrsjbd7tci8l1/js/es6.webplayer-host-ui.js:435437
[ 1559749ms] [INFO] %cDownload the React DevTools for a better development experience: https://fb.me/react-devtools font-weight:bold @ https://content.powerapps.com/resource/webplayerbus/hashedresources/hrsjbd7tci8l1/js/es6.webplayer-host-ui.js:456917
[ 1559856ms] [ERROR] Warning: React.createElement: type is invalid -- expected a string (for built-in components) or a class/function (for composite components) but got: %s.%s undefined  You likely forgot to export your component from the file it's defined in, or you might have mixed up default and named imports. @ https://content.powerapps.com/resource/webplayerbus/hashedresources/hrsjbd7tci8l1/js/es6.webplayer-host-ui.js:458628
[ 1559904ms] [WARNING] No previously cached ECS telemetry config exists - fallback to sending event @ https://content.powerapps.com/resource/webplayerbus/hashedresources/25q9tvvnh1hs3/js/es6.apphost-runtime.js:35
[ 1559904ms] [LOG] ECS - Config fetch complete @ https://content.powerapps.com/resource/webplayerbus/hashedresources/25q9tvvnh1hs3/js/es6.apphost-runtime.js:35
[ 1559946ms] [WARNING] Warning: componentWillReceiveProps has been renamed, and is not recommended for use. See https://fb.me/react-unsafe-component-lifecycles for details.

* Move data fetching code or side effects to componentDidUpdate.
* If you're updating state whenever props change, refactor your code to use memoization techniques or move it to static getDerivedStateFromProps. Learn more at: https://fb.me/react-derived-state
* Rename componentWillReceiveProps to UNSAFE_componentWillReceiveProps to suppress this warning in non-strict mode. In React 17.x, only the UNSAFE_ name will work. To rename all deprecated lifecycles to their new names, you can run `npx react-codemod rename-unsafe-lifecycles` in your project source folder.

Please update the following components: %s Xe @ https://content.powerapps.com/resource/webplayerbus/hashedresources/hrsjbd7tci8l1/js/es6.webplayer-host-ui.js:435437
[ 1559954ms] [WARNING] No previously cached ECS telemetry config exists - fallback to sending event @ https://content.powerapps.com/resource/webplayerbus/hashedresources/25q9tvvnh1hs3/js/es6.apphost-runtime.js:35
[ 1559954ms] [LOG] ECS - Config fetch complete @ https://content.powerapps.com/resource/webplayerbus/hashedresources/25q9tvvnh1hs3/js/es6.apphost-runtime.js:35
[ 1559962ms] [WARNING] Warning: componentWillReceiveProps has been renamed, and is not recommended for use. See https://fb.me/react-unsafe-component-lifecycles for details.

* Move data fetching code or side effects to componentDidUpdate.
* If you're updating state whenever props change, refactor your code to use memoization techniques or move it to static getDerivedStateFromProps. Learn more at: https://fb.me/react-derived-state
* Rename componentWillReceiveProps to UNSAFE_componentWillReceiveProps to suppress this warning in non-strict mode. In React 17.x, only the UNSAFE_ name will work. To rename all deprecated lifecycles to their new names, you can run `npx react-codemod rename-unsafe-lifecycles` in your project source folder.

Please update the following components: %s w @ https://content.powerapps.com/resource/webplayerbus/hashedresources/hrsjbd7tci8l1/js/es6.webplayer-host-ui.js:435437
[ 1560320ms] [ERROR] Warning: Can't perform a React state update on an unmounted component. This is a no-op, but it indicates a memory leak in your application. To fix, cancel all subscriptions and asynchronous tasks in %s.%s the componentWillUnmount method 
    in T (created by Connect(T))
    in Connect(T) (created by o)
    in o (created by Xe)
    in div (created by de)
    in de (created by Xe)
    in div (created by Ee)
    in Ee (created by Xe)
    in div (created by Ee)
    in Ee (created by Xe)
    in c (created by Xe)
    in n (created by Xe)
    in div (created by Xe) @ https://content.powerapps.com/resource/webplayerbus/hashedresources/hrsjbd7tci8l1/js/es6.webplayer-host-ui.js:435437
[ 1590706ms] [ERROR] PING failed to receive PONG message Error: Timed out after 30000ms while making a call to the 'In Memory Data Provider'.
    at https://6578df9f308b466eac803f99f06830c8.wus.us.powerapps.powerplatformusercontent.com/20260911t144145zb33e4376b1/assets/index-C_KfJfEu.js?skoid=3dbc96d3-0d12-427b-a1cf-47940917a6cd&sktid=975f013f-7f24-47e8-a7d3-abc4752bf346&skt=2026-09-11T14%3A00%3A00Z&ske=2026-09-18T14%3A00%3A00Z&sks=b&skv=2025-07-05&sv=2025-07-05&spr=https&st=2026-09-11T14%3A40%3A56Z&se=2026-09-17T00%3A00%3A00Z&sr=c&sp=rl&scid=d68a6128-2b22-457f-a158-3cb33751cb8d&sig=qqXq4keVgJ%2FZxWrOTiWXwk7UxI2%2B6MGr%2FOUEL64zwj8%3D:385:96 @ https://6578df9f308b466eac803f99f06830c8.wus.us.powerapps.powerplatformusercontent.com/20260911t144145zb33e4376b1/assets/index-C_KfJfEu.js?skoid=3dbc96d3-0d12-427b-a1cf-47940917a6cd&sktid=975f013f-7f24-47e8-a7d3-abc4752bf346&skt=2026-09-11T14%3A00%3A00Z&ske=2026-09-18T14%3A00%3A00Z&sks=b&skv=2025-07-05&sv=2025-07-05&spr=https&st=2026-09-11T14%3A40%3A56Z&se=2026-09-17T00%3A00%3A00Z&sr=c&sp=rl&scid=d68a6128-2b22-457f-a158-3cb33751cb8d&sig=qqXq4keVgJ%2FZxWrOTiWXwk7UxI2%2B6MGr%2FOUEL64zwj8%3D:384
[ 1590706ms] [ERROR] Failed to log info for AppGenDataClient/Initialized Error: Timed out after 30000ms while making a call to the 'In Memory Data Provider'.
    at https://6578df9f308b466eac803f99f06830c8.wus.us.powerapps.powerplatformusercontent.com/20260911t144145zb33e4376b1/assets/index-C_KfJfEu.js?skoid=3dbc96d3-0d12-427b-a1cf-47940917a6cd&sktid=975f013f-7f24-47e8-a7d3-abc4752bf346&skt=2026-09-11T14%3A00%3A00Z&ske=2026-09-18T14%3A00%3A00Z&sks=b&skv=2025-07-05&sv=2025-07-05&spr=https&st=2026-09-11T14%3A40%3A56Z&se=2026-09-17T00%3A00%3A00Z&sr=c&sp=rl&scid=d68a6128-2b22-457f-a158-3cb33751cb8d&sig=qqXq4keVgJ%2FZxWrOTiWXwk7UxI2%2B6MGr%2FOUEL64zwj8%3D:385:96 @ https://6578df9f308b466eac803f99f06830c8.wus.us.powerapps.powerplatformusercontent.com/20260911t144145zb33e4376b1/assets/index-C_KfJfEu.js?skoid=3dbc96d3-0d12-427b-a1cf-47940917a6cd&sktid=975f013f-7f24-47e8-a7d3-abc4752bf346&skt=2026-09-11T14%3A00%3A00Z&ske=2026-09-18T14%3A00%3A00Z&sks=b&skv=2025-07-05&sv=2025-07-05&spr=https&st=2026-09-11T14%3A40%3A56Z&se=2026-09-17T00%3A00%3A00Z&sr=c&sp=rl&scid=d68a6128-2b22-457f-a158-3cb33751cb8d&sig=qqXq4keVgJ%2FZxWrOTiWXwk7UxI2%2B6MGr%2FOUEL64zwj8%3D:384
[ 1590706ms] [ERROR] Failed to log info for retrieveMultipleRecordsAsync/Started Error: Timed out after 30000ms while making a call to the 'In Memory Data Provider'.
    at https://6578df9f308b466eac803f99f06830c8.wus.us.powerapps.powerplatformusercontent.com/20260911t144145zb33e4376b1/assets/index-C_KfJfEu.js?skoid=3dbc96d3-0d12-427b-a1cf-47940917a6cd&sktid=975f013f-7f24-47e8-a7d3-abc4752bf346&skt=2026-09-11T14%3A00%3A00Z&ske=2026-09-18T14%3A00%3A00Z&sks=b&skv=2025-07-05&sv=2025-07-05&spr=https&st=2026-09-11T14%3A40%3A56Z&se=2026-09-17T00%3A00%3A00Z&sr=c&sp=rl&scid=d68a6128-2b22-457f-a158-3cb33751cb8d&sig=qqXq4keVgJ%2FZxWrOTiWXwk7UxI2%2B6MGr%2FOUEL64zwj8%3D:385:96 @ https://6578df9f308b466eac803f99f06830c8.wus.us.powerapps.powerplatformusercontent.com/20260911t144145zb33e4376b1/assets/index-C_KfJfEu.js?skoid=3dbc96d3-0d12-427b-a1cf-47940917a6cd&sktid=975f013f-7f24-47e8-a7d3-abc4752bf346&skt=2026-09-11T14%3A00%3A00Z&ske=2026-09-18T14%3A00%3A00Z&sks=b&skv=2025-07-05&sv=2025-07-05&spr=https&st=2026-09-11T14%3A40%3A56Z&se=2026-09-17T00%3A00%3A00Z&sr=c&sp=rl&scid=d68a6128-2b22-457f-a158-3cb33751cb8d&sig=qqXq4keVgJ%2FZxWrOTiWXwk7UxI2%2B6MGr%2FOUEL64zwj8%3D:384
[ 1590707ms] Error: Timed out after 30000ms while making a call to the 'In Memory Data Provider'.
    at https://6578df9f308b466eac803f99f06830c8.wus.us.powerapps.powerplatformusercontent.com/20260911t144145zb33e4376b1/assets/index-C_KfJfEu.js?skoid=3dbc96d3-0d12-427b-a1cf-47940917a6cd&sktid=975f013f-7f24-47e8-a7d3-abc4752bf346&skt=2026-09-11T14%3A00%3A00Z&ske=2026-09-18T14%3A00%3A00Z&sks=b&skv=2025-07-05&sv=2025-07-05&spr=https&st=2026-09-11T14%3A40%3A56Z&se=2026-09-17T00%3A00%3A00Z&sr=c&sp=rl&scid=d68a6128-2b22-457f-a158-3cb33751cb8d&sig=qqXq4keVgJ%2FZxWrOTiWXwk7UxI2%2B6MGr%2FOUEL64zwj8%3D:385:96
[ 1591228ms] [ERROR] Failed to log info for retrieveMultipleRecordsAsync/Completed Error: Timed out after 30000ms while making a call to the 'In Memory Data Provider'.
    at https://6578df9f308b466eac803f99f06830c8.wus.us.powerapps.powerplatformusercontent.com/20260911t144145zb33e4376b1/assets/index-C_KfJfEu.js?skoid=3dbc96d3-0d12-427b-a1cf-47940917a6cd&sktid=975f013f-7f24-47e8-a7d3-abc4752bf346&skt=2026-09-11T14%3A00%3A00Z&ske=2026-09-18T14%3A00%3A00Z&sks=b&skv=2025-07-05&sv=2025-07-05&spr=https&st=2026-09-11T14%3A40%3A56Z&se=2026-09-17T00%3A00%3A00Z&sr=c&sp=rl&scid=d68a6128-2b22-457f-a158-3cb33751cb8d&sig=qqXq4keVgJ%2FZxWrOTiWXwk7UxI2%2B6MGr%2FOUEL64zwj8%3D:385:96 @ https://6578df9f308b466eac803f99f06830c8.wus.us.powerapps.powerplatformusercontent.com/20260911t144145zb33e4376b1/assets/index-C_KfJfEu.js?skoid=3dbc96d3-0d12-427b-a1cf-47940917a6cd&sktid=975f013f-7f24-47e8-a7d3-abc4752bf346&skt=2026-09-11T14%3A00%3A00Z&ske=2026-09-18T14%3A00%3A00Z&sks=b&skv=2025-07-05&sv=2025-07-05&spr=https&st=2026-09-11T14%3A40%3A56Z&se=2026-09-17T00%3A00%3A00Z&sr=c&sp=rl&scid=d68a6128-2b22-457f-a158-3cb33751cb8d&sig=qqXq4keVgJ%2FZxWrOTiWXwk7UxI2%2B6MGr%2FOUEL64zwj8%3D:384
[ 1592642ms] [ERROR] Failed to log info for retrieveMultipleRecordsAsync/Started Error: Timed out after 30000ms while making a call to the 'In Memory Data Provider'.
    at https://6578df9f308b466eac803f99f06830c8.wus.us.powerapps.powerplatformusercontent.com/20260911t144145zb33e4376b1/assets/index-C_KfJfEu.js?skoid=3dbc96d3-0d12-427b-a1cf-47940917a6cd&sktid=975f013f-7f24-47e8-a7d3-abc4752bf346&skt=2026-09-11T14%3A00%3A00Z&ske=2026-09-18T14%3A00%3A00Z&sks=b&skv=2025-07-05&sv=2025-07-05&spr=https&st=2026-09-11T14%3A40%3A56Z&se=2026-09-17T00%3A00%3A00Z&sr=c&sp=rl&scid=d68a6128-2b22-457f-a158-3cb33751cb8d&sig=qqXq4keVgJ%2FZxWrOTiWXwk7UxI2%2B6MGr%2FOUEL64zwj8%3D:385:96 @ https://6578df9f308b466eac803f99f06830c8.wus.us.powerapps.powerplatformusercontent.com/20260911t144145zb33e4376b1/assets/index-C_KfJfEu.js?skoid=3dbc96d3-0d12-427b-a1cf-47940917a6cd&sktid=975f013f-7f24-47e8-a7d3-abc4752bf346&skt=2026-09-11T14%3A00%3A00Z&ske=2026-09-18T14%3A00%3A00Z&sks=b&skv=2025-07-05&sv=2025-07-05&spr=https&st=2026-09-11T14%3A40%3A56Z&se=2026-09-17T00%3A00%3A00Z&sr=c&sp=rl&scid=d68a6128-2b22-457f-a158-3cb33751cb8d&sig=qqXq4keVgJ%2FZxWrOTiWXwk7UxI2%2B6MGr%2FOUEL64zwj8%3D:384
[ 1593378ms] [ERROR] Failed to log warning for mapDataSourceRowToTypescriptRow/Choice Error: Timed out after 30000ms while making a call to the 'In Memory Data Provider'.
    at https://6578df9f308b466eac803f99f06830c8.wus.us.powerapps.powerplatformusercontent.com/20260911t144145zb33e4376b1/assets/index-C_KfJfEu.js?skoid=3dbc96d3-0d12-427b-a1cf-47940917a6cd&sktid=975f013f-7f24-47e8-a7d3-abc4752bf346&skt=2026-09-11T14%3A00%3A00Z&ske=2026-09-18T14%3A00%3A00Z&sks=b&skv=2025-07-05&sv=2025-07-05&spr=https&st=2026-09-11T14%3A40%3A56Z&se=2026-09-17T00%3A00%3A00Z&sr=c&sp=rl&scid=d68a6128-2b22-457f-a158-3cb33751cb8d&sig=qqXq4keVgJ%2FZxWrOTiWXwk7UxI2%2B6MGr%2FOUEL64zwj8%3D:385:96 @ https://6578df9f308b466eac803f99f06830c8.wus.us.powerapps.powerplatformusercontent.com/20260911t144145zb33e4376b1/assets/index-C_KfJfEu.js?skoid=3dbc96d3-0d12-427b-a1cf-47940917a6cd&sktid=975f013f-7f24-47e8-a7d3-abc4752bf346&skt=2026-09-11T14%3A00%3A00Z&ske=2026-09-18T14%3A00%3A00Z&sks=b&skv=2025-07-05&sv=2025-07-05&spr=https&st=2026-09-11T14%3A40%3A56Z&se=2026-09-17T00%3A00%3A00Z&sr=c&sp=rl&scid=d68a6128-2b22-457f-a158-3cb33751cb8d&sig=qqXq4keVgJ%2FZxWrOTiWXwk7UxI2%2B6MGr%2FOUEL64zwj8%3D:384
[ 1593379ms] [ERROR] Failed to log info for retrieveMultipleRecordsAsync/Completed Error: Timed out after 30000ms while making a call to the 'In Memory Data Provider'.
    at https://6578df9f308b466eac803f99f06830c8.wus.us.powerapps.powerplatformusercontent.com/20260911t144145zb33e4376b1/assets/index-C_KfJfEu.js?skoid=3dbc96d3-0d12-427b-a1cf-47940917a6cd&sktid=975f013f-7f24-47e8-a7d3-abc4752bf346&skt=2026-09-11T14%3A00%3A00Z&ske=2026-09-18T14%3A00%3A00Z&sks=b&skv=2025-07-05&sv=2025-07-05&spr=https&st=2026-09-11T14%3A40%3A56Z&se=2026-09-17T00%3A00%3A00Z&sr=c&sp=rl&scid=d68a6128-2b22-457f-a158-3cb33751cb8d&sig=qqXq4keVgJ%2FZxWrOTiWXwk7UxI2%2B6MGr%2FOUEL64zwj8%3D:385:96 @ https://6578df9f308b466eac803f99f06830c8.wus.us.powerapps.powerplatformusercontent.com/20260911t144145zb33e4376b1/assets/index-C_KfJfEu.js?skoid=3dbc96d3-0d12-427b-a1cf-47940917a6cd&sktid=975f013f-7f24-47e8-a7d3-abc4752bf346&skt=2026-09-11T14%3A00%3A00Z&ske=2026-09-18T14%3A00%3A00Z&sks=b&skv=2025-07-05&sv=2025-07-05&spr=https&st=2026-09-11T14%3A40%3A56Z&se=2026-09-17T00%3A00%3A00Z&sr=c&sp=rl&scid=d68a6128-2b22-457f-a158-3cb33751cb8d&sig=qqXq4keVgJ%2FZxWrOTiWXwk7UxI2%2B6MGr%2FOUEL64zwj8%3D:384
[ 1860219ms] [LOG] ECS - Config fetch complete @ https://content.powerapps.com/resource/webplayerbus/hashedresources/25q9tvvnh1hs3/js/es6.apphost-runtime.js:35
[ 1860479ms] [LOG] ECS - Config fetch complete @ https://content.powerapps.com/resource/webplayerbus/hashedresources/25q9tvvnh1hs3/js/es6.apphost-runtime.js:35
[ 1887982ms] [INFO] %cDownload the React DevTools for a better development experience: https://fb.me/react-devtools font-weight:bold @ https://content.powerapps.com/resource/webplayerbus/hashedresources/hrsjbd7tci8l1/js/es6.webplayer-host-ui.js:456917
[ 1888148ms] [ERROR] Warning: React.createElement: type is invalid -- expected a string (for built-in components) or a class/function (for composite components) but got: %s.%s undefined  You likely forgot to export your component from the file it's defined in, or you might have mixed up default and named imports. @ https://content.powerapps.com/resource/webplayerbus/hashedresources/hrsjbd7tci8l1/js/es6.webplayer-host-ui.js:458628
[ 1888296ms] [WARNING] No previously cached ECS telemetry config exists - fallback to sending event @ https://content.powerapps.com/resource/webplayerbus/hashedresources/25q9tvvnh1hs3/js/es6.apphost-runtime.js:35
[ 1888296ms] [LOG] ECS - Config fetch complete @ https://content.powerapps.com/resource/webplayerbus/hashedresources/25q9tvvnh1hs3/js/es6.apphost-runtime.js:35
[ 1888298ms] [WARNING] No previously cached ECS telemetry config exists - fallback to sending event @ https://content.powerapps.com/resource/webplayerbus/hashedresources/25q9tvvnh1hs3/js/es6.apphost-runtime.js:35
[ 1888299ms] [LOG] ECS - Config fetch complete @ https://content.powerapps.com/resource/webplayerbus/hashedresources/25q9tvvnh1hs3/js/es6.apphost-runtime.js:35
[ 1888633ms] [WARNING] Warning: componentWillReceiveProps has been renamed, and is not recommended for use. See https://fb.me/react-unsafe-component-lifecycles for details.

* Move data fetching code or side effects to componentDidUpdate.
* If you're updating state whenever props change, refactor your code to use memoization techniques or move it to static getDerivedStateFromProps. Learn more at: https://fb.me/react-derived-state
* Rename componentWillReceiveProps to UNSAFE_componentWillReceiveProps to suppress this warning in non-strict mode. In React 17.x, only the UNSAFE_ name will work. To rename all deprecated lifecycles to their new names, you can run `npx react-codemod rename-unsafe-lifecycles` in your project source folder.

Please update the following components: %s Xe @ https://content.powerapps.com/resource/webplayerbus/hashedresources/hrsjbd7tci8l1/js/es6.webplayer-host-ui.js:435437
[ 1888653ms] [WARNING] Warning: componentWillReceiveProps has been renamed, and is not recommended for use. See https://fb.me/react-unsafe-component-lifecycles for details.

* Move data fetching code or side effects to componentDidUpdate.
* If you're updating state whenever props change, refactor your code to use memoization techniques or move it to static getDerivedStateFromProps. Learn more at: https://fb.me/react-derived-state
* Rename componentWillReceiveProps to UNSAFE_componentWillReceiveProps to suppress this warning in non-strict mode. In React 17.x, only the UNSAFE_ name will work. To rename all deprecated lifecycles to their new names, you can run `npx react-codemod rename-unsafe-lifecycles` in your project source folder.

Please update the following components: %s w @ https://content.powerapps.com/resource/webplayerbus/hashedresources/hrsjbd7tci8l1/js/es6.webplayer-host-ui.js:435437
[ 1918261ms] [ERROR] PING failed to receive PONG message Error: Timed out after 30000ms while making a call to the 'In Memory Data Provider'.
    at https://6578df9f308b466eac803f99f06830c8.wus.us.powerapps.powerplatformusercontent.com/20260911t144145zb33e4376b1/assets/index-C_KfJfEu.js?skoid=3dbc96d3-0d12-427b-a1cf-47940917a6cd&sktid=975f013f-7f24-47e8-a7d3-abc4752bf346&skt=2026-09-11T14%3A00%3A00Z&ske=2026-09-18T14%3A00%3A00Z&sks=b&skv=2025-07-05&sv=2025-07-05&spr=https&st=2026-09-11T14%3A40%3A56Z&se=2026-09-17T00%3A00%3A00Z&sr=c&sp=rl&scid=d68a6128-2b22-457f-a158-3cb33751cb8d&sig=qqXq4keVgJ%2FZxWrOTiWXwk7UxI2%2B6MGr%2FOUEL64zwj8%3D:385:96 @ https://6578df9f308b466eac803f99f06830c8.wus.us.powerapps.powerplatformusercontent.com/20260911t144145zb33e4376b1/assets/index-C_KfJfEu.js?skoid=3dbc96d3-0d12-427b-a1cf-47940917a6cd&sktid=975f013f-7f24-47e8-a7d3-abc4752bf346&skt=2026-09-11T14%3A00%3A00Z&ske=2026-09-18T14%3A00%3A00Z&sks=b&skv=2025-07-05&sv=2025-07-05&spr=https&st=2026-09-11T14%3A40%3A56Z&se=2026-09-17T00%3A00%3A00Z&sr=c&sp=rl&scid=d68a6128-2b22-457f-a158-3cb33751cb8d&sig=qqXq4keVgJ%2FZxWrOTiWXwk7UxI2%2B6MGr%2FOUEL64zwj8%3D:384
[ 1918262ms] [ERROR] Failed to log info for AppGenDataClient/Initialized Error: Timed out after 30000ms while making a call to the 'In Memory Data Provider'.
    at https://6578df9f308b466eac803f99f06830c8.wus.us.powerapps.powerplatformusercontent.com/20260911t144145zb33e4376b1/assets/index-C_KfJfEu.js?skoid=3dbc96d3-0d12-427b-a1cf-47940917a6cd&sktid=975f013f-7f24-47e8-a7d3-abc4752bf346&skt=2026-09-11T14%3A00%3A00Z&ske=2026-09-18T14%3A00%3A00Z&sks=b&skv=2025-07-05&sv=2025-07-05&spr=https&st=2026-09-11T14%3A40%3A56Z&se=2026-09-17T00%3A00%3A00Z&sr=c&sp=rl&scid=d68a6128-2b22-457f-a158-3cb33751cb8d&sig=qqXq4keVgJ%2FZxWrOTiWXwk7UxI2%2B6MGr%2FOUEL64zwj8%3D:385:96 @ https://6578df9f308b466eac803f99f06830c8.wus.us.powerapps.powerplatformusercontent.com/20260911t144145zb33e4376b1/assets/index-C_KfJfEu.js?skoid=3dbc96d3-0d12-427b-a1cf-47940917a6cd&sktid=975f013f-7f24-47e8-a7d3-abc4752bf346&skt=2026-09-11T14%3A00%3A00Z&ske=2026-09-18T14%3A00%3A00Z&sks=b&skv=2025-07-05&sv=2025-07-05&spr=https&st=2026-09-11T14%3A40%3A56Z&se=2026-09-17T00%3A00%3A00Z&sr=c&sp=rl&scid=d68a6128-2b22-457f-a158-3cb33751cb8d&sig=qqXq4keVgJ%2FZxWrOTiWXwk7UxI2%2B6MGr%2FOUEL64zwj8%3D:384
[ 1918262ms] [ERROR] Failed to log info for retrieveMultipleRecordsAsync/Started Error: Timed out after 30000ms while making a call to the 'In Memory Data Provider'.
    at https://6578df9f308b466eac803f99f06830c8.wus.us.powerapps.powerplatformusercontent.com/20260911t144145zb33e4376b1/assets/index-C_KfJfEu.js?skoid=3dbc96d3-0d12-427b-a1cf-47940917a6cd&sktid=975f013f-7f24-47e8-a7d3-abc4752bf346&skt=2026-09-11T14%3A00%3A00Z&ske=2026-09-18T14%3A00%3A00Z&sks=b&skv=2025-07-05&sv=2025-07-05&spr=https&st=2026-09-11T14%3A40%3A56Z&se=2026-09-17T00%3A00%3A00Z&sr=c&sp=rl&scid=d68a6128-2b22-457f-a158-3cb33751cb8d&sig=qqXq4keVgJ%2FZxWrOTiWXwk7UxI2%2B6MGr%2FOUEL64zwj8%3D:385:96 @ https://6578df9f308b466eac803f99f06830c8.wus.us.powerapps.powerplatformusercontent.com/20260911t144145zb33e4376b1/assets/index-C_KfJfEu.js?skoid=3dbc96d3-0d12-427b-a1cf-47940917a6cd&sktid=975f013f-7f24-47e8-a7d3-abc4752bf346&skt=2026-09-11T14%3A00%3A00Z&ske=2026-09-18T14%3A00%3A00Z&sks=b&skv=2025-07-05&sv=2025-07-05&spr=https&st=2026-09-11T14%3A40%3A56Z&se=2026-09-17T00%3A00%3A00Z&sr=c&sp=rl&scid=d68a6128-2b22-457f-a158-3cb33751cb8d&sig=qqXq4keVgJ%2FZxWrOTiWXwk7UxI2%2B6MGr%2FOUEL64zwj8%3D:384
[ 1918263ms] Error: Timed out after 30000ms while making a call to the 'In Memory Data Provider'.
    at https://6578df9f308b466eac803f99f06830c8.wus.us.powerapps.powerplatformusercontent.com/20260911t144145zb33e4376b1/assets/index-C_KfJfEu.js?skoid=3dbc96d3-0d12-427b-a1cf-47940917a6cd&sktid=975f013f-7f24-47e8-a7d3-abc4752bf346&skt=2026-09-11T14%3A00%3A00Z&ske=2026-09-18T14%3A00%3A00Z&sks=b&skv=2025-07-05&sv=2025-07-05&spr=https&st=2026-09-11T14%3A40%3A56Z&se=2026-09-17T00%3A00%3A00Z&sr=c&sp=rl&scid=d68a6128-2b22-457f-a158-3cb33751cb8d&sig=qqXq4keVgJ%2FZxWrOTiWXwk7UxI2%2B6MGr%2FOUEL64zwj8%3D:385:96
[ 1918894ms] [ERROR] Failed to log info for retrieveMultipleRecordsAsync/Completed Error: Timed out after 30000ms while making a call to the 'In Memory Data Provider'.
    at https://6578df9f308b466eac803f99f06830c8.wus.us.powerapps.powerplatformusercontent.com/20260911t144145zb33e4376b1/assets/index-C_KfJfEu.js?skoid=3dbc96d3-0d12-427b-a1cf-47940917a6cd&sktid=975f013f-7f24-47e8-a7d3-abc4752bf346&skt=2026-09-11T14%3A00%3A00Z&ske=2026-09-18T14%3A00%3A00Z&sks=b&skv=2025-07-05&sv=2025-07-05&spr=https&st=2026-09-11T14%3A40%3A56Z&se=2026-09-17T00%3A00%3A00Z&sr=c&sp=rl&scid=d68a6128-2b22-457f-a158-3cb33751cb8d&sig=qqXq4keVgJ%2FZxWrOTiWXwk7UxI2%2B6MGr%2FOUEL64zwj8%3D:385:96 @ https://6578df9f308b466eac803f99f06830c8.wus.us.powerapps.powerplatformusercontent.com/20260911t144145zb33e4376b1/assets/index-C_KfJfEu.js?skoid=3dbc96d3-0d12-427b-a1cf-47940917a6cd&sktid=975f013f-7f24-47e8-a7d3-abc4752bf346&skt=2026-09-11T14%3A00%3A00Z&ske=2026-09-18T14%3A00%3A00Z&sks=b&skv=2025-07-05&sv=2025-07-05&spr=https&st=2026-09-11T14%3A40%3A56Z&se=2026-09-17T00%3A00%3A00Z&sr=c&sp=rl&scid=d68a6128-2b22-457f-a158-3cb33751cb8d&sig=qqXq4keVgJ%2FZxWrOTiWXwk7UxI2%2B6MGr%2FOUEL64zwj8%3D:384
[ 2188511ms] [LOG] ECS - Config fetch complete @ https://content.powerapps.com/resource/webplayerbus/hashedresources/25q9tvvnh1hs3/js/es6.apphost-runtime.js:35
[ 2188662ms] [LOG] ECS - Config fetch complete @ https://content.powerapps.com/resource/webplayerbus/hashedresources/25q9tvvnh1hs3/js/es6.apphost-runtime.js:35
[ 2257156ms] [INFO] %cDownload the React DevTools for a better development experience: https://fb.me/react-devtools font-weight:bold @ https://content.powerapps.com/resource/webplayerbus/hashedresources/hrsjbd7tci8l1/js/es6.webplayer-host-ui.js:456917
[ 2257330ms] [ERROR] Warning: React.createElement: type is invalid -- expected a string (for built-in components) or a class/function (for composite components) but got: %s.%s undefined  You likely forgot to export your component from the file it's defined in, or you might have mixed up default and named imports. @ https://content.powerapps.com/resource/webplayerbus/hashedresources/hrsjbd7tci8l1/js/es6.webplayer-host-ui.js:458628
[ 2257487ms] [WARNING] No previously cached ECS telemetry config exists - fallback to sending event @ https://content.powerapps.com/resource/webplayerbus/hashedresources/25q9tvvnh1hs3/js/es6.apphost-runtime.js:35
[ 2257488ms] [LOG] ECS - Config fetch complete @ https://content.powerapps.com/resource/webplayerbus/hashedresources/25q9tvvnh1hs3/js/es6.apphost-runtime.js:35
[ 2257491ms] [WARNING] No previously cached ECS telemetry config exists - fallback to sending event @ https://content.powerapps.com/resource/webplayerbus/hashedresources/25q9tvvnh1hs3/js/es6.apphost-runtime.js:35
[ 2257491ms] [LOG] ECS - Config fetch complete @ https://content.powerapps.com/resource/webplayerbus/hashedresources/25q9tvvnh1hs3/js/es6.apphost-runtime.js:35
[ 2257815ms] [WARNING] Warning: componentWillReceiveProps has been renamed, and is not recommended for use. See https://fb.me/react-unsafe-component-lifecycles for details.

* Move data fetching code or side effects to componentDidUpdate.
* If you're updating state whenever props change, refactor your code to use memoization techniques or move it to static getDerivedStateFromProps. Learn more at: https://fb.me/react-derived-state
* Rename componentWillReceiveProps to UNSAFE_componentWillReceiveProps to suppress this warning in non-strict mode. In React 17.x, only the UNSAFE_ name will work. To rename all deprecated lifecycles to their new names, you can run `npx react-codemod rename-unsafe-lifecycles` in your project source folder.

Please update the following components: %s Xe @ https://content.powerapps.com/resource/webplayerbus/hashedresources/hrsjbd7tci8l1/js/es6.webplayer-host-ui.js:435437
[ 2257831ms] [WARNING] Warning: componentWillReceiveProps has been renamed, and is not recommended for use. See https://fb.me/react-unsafe-component-lifecycles for details.

* Move data fetching code or side effects to componentDidUpdate.
* If you're updating state whenever props change, refactor your code to use memoization techniques or move it to static getDerivedStateFromProps. Learn more at: https://fb.me/react-derived-state
* Rename componentWillReceiveProps to UNSAFE_componentWillReceiveProps to suppress this warning in non-strict mode. In React 17.x, only the UNSAFE_ name will work. To rename all deprecated lifecycles to their new names, you can run `npx react-codemod rename-unsafe-lifecycles` in your project source folder.

Please update the following components: %s w @ https://content.powerapps.com/resource/webplayerbus/hashedresources/hrsjbd7tci8l1/js/es6.webplayer-host-ui.js:435437
[ 2257972ms] [ERROR] Warning: Can't perform a React state update on an unmounted component. This is a no-op, but it indicates a memory leak in your application. To fix, cancel all subscriptions and asynchronous tasks in %s.%s the componentWillUnmount method 
    in T (created by Connect(T))
    in Connect(T) (created by o)
    in o (created by Xe)
    in div (created by de)
    in de (created by Xe)
    in div (created by Ee)
    in Ee (created by Xe)
    in div (created by Ee)
    in Ee (created by Xe)
    in c (created by Xe)
    in n (created by Xe)
    in div (created by Xe) @ https://content.powerapps.com/resource/webplayerbus/hashedresources/hrsjbd7tci8l1/js/es6.webplayer-host-ui.js:435437
[ 2284288ms] [INFO] %cDownload the React DevTools for a better development experience: https://fb.me/react-devtools font-weight:bold @ https://content.powerapps.com/resource/webplayerbus/hashedresources/hrsjbd7tci8l1/js/es6.webplayer-host-ui.js:456917
[ 2284391ms] [ERROR] Warning: React.createElement: type is invalid -- expected a string (for built-in components) or a class/function (for composite components) but got: %s.%s undefined  You likely forgot to export your component from the file it's defined in, or you might have mixed up default and named imports. @ https://content.powerapps.com/resource/webplayerbus/hashedresources/hrsjbd7tci8l1/js/es6.webplayer-host-ui.js:458628
[ 2284438ms] [WARNING] No previously cached ECS telemetry config exists - fallback to sending event @ https://content.powerapps.com/resource/webplayerbus/hashedresources/25q9tvvnh1hs3/js/es6.apphost-runtime.js:35
[ 2284439ms] [LOG] ECS - Config fetch complete @ https://content.powerapps.com/resource/webplayerbus/hashedresources/25q9tvvnh1hs3/js/es6.apphost-runtime.js:35
[ 2284488ms] [WARNING] Warning: componentWillReceiveProps has been renamed, and is not recommended for use. See https://fb.me/react-unsafe-component-lifecycles for details.

* Move data fetching code or side effects to componentDidUpdate.
* If you're updating state whenever props change, refactor your code to use memoization techniques or move it to static getDerivedStateFromProps. Learn more at: https://fb.me/react-derived-state
* Rename componentWillReceiveProps to UNSAFE_componentWillReceiveProps to suppress this warning in non-strict mode. In React 17.x, only the UNSAFE_ name will work. To rename all deprecated lifecycles to their new names, you can run `npx react-codemod rename-unsafe-lifecycles` in your project source folder.

Please update the following components: %s Xe @ https://content.powerapps.com/resource/webplayerbus/hashedresources/hrsjbd7tci8l1/js/es6.webplayer-host-ui.js:435437
[ 2284507ms] [WARNING] Warning: componentWillReceiveProps has been renamed, and is not recommended for use. See https://fb.me/react-unsafe-component-lifecycles for details.

* Move data fetching code or side effects to componentDidUpdate.
* If you're updating state whenever props change, refactor your code to use memoization techniques or move it to static getDerivedStateFromProps. Learn more at: https://fb.me/react-derived-state
* Rename componentWillReceiveProps to UNSAFE_componentWillReceiveProps to suppress this warning in non-strict mode. In React 17.x, only the UNSAFE_ name will work. To rename all deprecated lifecycles to their new names, you can run `npx react-codemod rename-unsafe-lifecycles` in your project source folder.

Please update the following components: %s w @ https://content.powerapps.com/resource/webplayerbus/hashedresources/hrsjbd7tci8l1/js/es6.webplayer-host-ui.js:435437
[ 2284616ms] [WARNING] No previously cached ECS telemetry config exists - fallback to sending event @ https://content.powerapps.com/resource/webplayerbus/hashedresources/25q9tvvnh1hs3/js/es6.apphost-runtime.js:35
[ 2284617ms] [LOG] ECS - Config fetch complete @ https://content.powerapps.com/resource/webplayerbus/hashedresources/25q9tvvnh1hs3/js/es6.apphost-runtime.js:35
[ 2284816ms] [ERROR] Warning: Can't perform a React state update on an unmounted component. This is a no-op, but it indicates a memory leak in your application. To fix, cancel all subscriptions and asynchronous tasks in %s.%s the componentWillUnmount method 
    in T (created by Connect(T))
    in Connect(T) (created by o)
    in o (created by Xe)
    in div (created by de)
    in de (created by Xe)
    in div (created by Ee)
    in Ee (created by Xe)
    in div (created by Ee)
    in Ee (created by Xe)
    in c (created by Xe)
    in n (created by Xe)
    in div (created by Xe) @ https://content.powerapps.com/resource/webplayerbus/hashedresources/hrsjbd7tci8l1/js/es6.webplayer-host-ui.js:435437
[ 2315089ms] [ERROR] PING failed to receive PONG message Error: Timed out after 30000ms while making a call to the 'In Memory Data Provider'.
    at https://6578df9f308b466eac803f99f06830c8.wus.us.powerapps.powerplatformusercontent.com/20260911t145314z4518fd177a/assets/index-Dl8ZqIZ8.js?skoid=3dbc96d3-0d12-427b-a1cf-47940917a6cd&sktid=975f013f-7f24-47e8-a7d3-abc4752bf346&skt=2026-09-11T14%3A00%3A00Z&ske=2026-09-18T14%3A00%3A00Z&sks=b&skv=2025-07-05&sv=2025-07-05&spr=https&st=2026-09-11T14%3A52%3A39Z&se=2026-09-17T00%3A00%3A00Z&sr=c&sp=rl&scid=318d2b22-4127-4c51-96b6-01d8d68979d7&sig=LIjyOx93D8yONWcWuw%2FE5gH%2BZgWlsnoDsAIhunauFhk%3D:385:96 @ https://6578df9f308b466eac803f99f06830c8.wus.us.powerapps.powerplatformusercontent.com/20260911t145314z4518fd177a/assets/index-Dl8ZqIZ8.js?skoid=3dbc96d3-0d12-427b-a1cf-47940917a6cd&sktid=975f013f-7f24-47e8-a7d3-abc4752bf346&skt=2026-09-11T14%3A00%3A00Z&ske=2026-09-18T14%3A00%3A00Z&sks=b&skv=2025-07-05&sv=2025-07-05&spr=https&st=2026-09-11T14%3A52%3A39Z&se=2026-09-17T00%3A00%3A00Z&sr=c&sp=rl&scid=318d2b22-4127-4c51-96b6-01d8d68979d7&sig=LIjyOx93D8yONWcWuw%2FE5gH%2BZgWlsnoDsAIhunauFhk%3D:384
[ 2315090ms] [ERROR] Failed to log info for AppGenDataClient/Initialized Error: Timed out after 30000ms while making a call to the 'In Memory Data Provider'.
    at https://6578df9f308b466eac803f99f06830c8.wus.us.powerapps.powerplatformusercontent.com/20260911t145314z4518fd177a/assets/index-Dl8ZqIZ8.js?skoid=3dbc96d3-0d12-427b-a1cf-47940917a6cd&sktid=975f013f-7f24-47e8-a7d3-abc4752bf346&skt=2026-09-11T14%3A00%3A00Z&ske=2026-09-18T14%3A00%3A00Z&sks=b&skv=2025-07-05&sv=2025-07-05&spr=https&st=2026-09-11T14%3A52%3A39Z&se=2026-09-17T00%3A00%3A00Z&sr=c&sp=rl&scid=318d2b22-4127-4c51-96b6-01d8d68979d7&sig=LIjyOx93D8yONWcWuw%2FE5gH%2BZgWlsnoDsAIhunauFhk%3D:385:96 @ https://6578df9f308b466eac803f99f06830c8.wus.us.powerapps.powerplatformusercontent.com/20260911t145314z4518fd177a/assets/index-Dl8ZqIZ8.js?skoid=3dbc96d3-0d12-427b-a1cf-47940917a6cd&sktid=975f013f-7f24-47e8-a7d3-abc4752bf346&skt=2026-09-11T14%3A00%3A00Z&ske=2026-09-18T14%3A00%3A00Z&sks=b&skv=2025-07-05&sv=2025-07-05&spr=https&st=2026-09-11T14%3A52%3A39Z&se=2026-09-17T00%3A00%3A00Z&sr=c&sp=rl&scid=318d2b22-4127-4c51-96b6-01d8d68979d7&sig=LIjyOx93D8yONWcWuw%2FE5gH%2BZgWlsnoDsAIhunauFhk%3D:384
[ 2315090ms] [ERROR] Failed to log info for retrieveMultipleRecordsAsync/Started Error: Timed out after 30000ms while making a call to the 'In Memory Data Provider'.
    at https://6578df9f308b466eac803f99f06830c8.wus.us.powerapps.powerplatformusercontent.com/20260911t145314z4518fd177a/assets/index-Dl8ZqIZ8.js?skoid=3dbc96d3-0d12-427b-a1cf-47940917a6cd&sktid=975f013f-7f24-47e8-a7d3-abc4752bf346&skt=2026-09-11T14%3A00%3A00Z&ske=2026-09-18T14%3A00%3A00Z&sks=b&skv=2025-07-05&sv=2025-07-05&spr=https&st=2026-09-11T14%3A52%3A39Z&se=2026-09-17T00%3A00%3A00Z&sr=c&sp=rl&scid=318d2b22-4127-4c51-96b6-01d8d68979d7&sig=LIjyOx93D8yONWcWuw%2FE5gH%2BZgWlsnoDsAIhunauFhk%3D:385:96 @ https://6578df9f308b466eac803f99f06830c8.wus.us.powerapps.powerplatformusercontent.com/20260911t145314z4518fd177a/assets/index-Dl8ZqIZ8.js?skoid=3dbc96d3-0d12-427b-a1cf-47940917a6cd&sktid=975f013f-7f24-47e8-a7d3-abc4752bf346&skt=2026-09-11T14%3A00%3A00Z&ske=2026-09-18T14%3A00%3A00Z&sks=b&skv=2025-07-05&sv=2025-07-05&spr=https&st=2026-09-11T14%3A52%3A39Z&se=2026-09-17T00%3A00%3A00Z&sr=c&sp=rl&scid=318d2b22-4127-4c51-96b6-01d8d68979d7&sig=LIjyOx93D8yONWcWuw%2FE5gH%2BZgWlsnoDsAIhunauFhk%3D:384
[ 2315090ms] Error: Timed out after 30000ms while making a call to the 'In Memory Data Provider'.
    at https://6578df9f308b466eac803f99f06830c8.wus.us.powerapps.powerplatformusercontent.com/20260911t145314z4518fd177a/assets/index-Dl8ZqIZ8.js?skoid=3dbc96d3-0d12-427b-a1cf-47940917a6cd&sktid=975f013f-7f24-47e8-a7d3-abc4752bf346&skt=2026-09-11T14%3A00%3A00Z&ske=2026-09-18T14%3A00%3A00Z&sks=b&skv=2025-07-05&sv=2025-07-05&spr=https&st=2026-09-11T14%3A52%3A39Z&se=2026-09-17T00%3A00%3A00Z&sr=c&sp=rl&scid=318d2b22-4127-4c51-96b6-01d8d68979d7&sig=LIjyOx93D8yONWcWuw%2FE5gH%2BZgWlsnoDsAIhunauFhk%3D:385:96
[ 2315458ms] [ERROR] Failed to log info for retrieveMultipleRecordsAsync/Completed Error: Timed out after 30000ms while making a call to the 'In Memory Data Provider'.
    at https://6578df9f308b466eac803f99f06830c8.wus.us.powerapps.powerplatformusercontent.com/20260911t145314z4518fd177a/assets/index-Dl8ZqIZ8.js?skoid=3dbc96d3-0d12-427b-a1cf-47940917a6cd&sktid=975f013f-7f24-47e8-a7d3-abc4752bf346&skt=2026-09-11T14%3A00%3A00Z&ske=2026-09-18T14%3A00%3A00Z&sks=b&skv=2025-07-05&sv=2025-07-05&spr=https&st=2026-09-11T14%3A52%3A39Z&se=2026-09-17T00%3A00%3A00Z&sr=c&sp=rl&scid=318d2b22-4127-4c51-96b6-01d8d68979d7&sig=LIjyOx93D8yONWcWuw%2FE5gH%2BZgWlsnoDsAIhunauFhk%3D:385:96 @ https://6578df9f308b466eac803f99f06830c8.wus.us.powerapps.powerplatformusercontent.com/20260911t145314z4518fd177a/assets/index-Dl8ZqIZ8.js?skoid=3dbc96d3-0d12-427b-a1cf-47940917a6cd&sktid=975f013f-7f24-47e8-a7d3-abc4752bf346&skt=2026-09-11T14%3A00%3A00Z&ske=2026-09-18T14%3A00%3A00Z&sks=b&skv=2025-07-05&sv=2025-07-05&spr=https&st=2026-09-11T14%3A52%3A39Z&se=2026-09-17T00%3A00%3A00Z&sr=c&sp=rl&scid=318d2b22-4127-4c51-96b6-01d8d68979d7&sig=LIjyOx93D8yONWcWuw%2FE5gH%2BZgWlsnoDsAIhunauFhk%3D:384
[ 2584777ms] [LOG] ECS - Config fetch complete @ https://content.powerapps.com/resource/webplayerbus/hashedresources/25q9tvvnh1hs3/js/es6.apphost-runtime.js:35
[ 2584942ms] [LOG] ECS - Config fetch complete @ https://content.powerapps.com/resource/webplayerbus/hashedresources/25q9tvvnh1hs3/js/es6.apphost-runtime.js:35
[ 2884943ms] [LOG] ECS - Config fetch complete @ https://content.powerapps.com/resource/webplayerbus/hashedresources/25q9tvvnh1hs3/js/es6.apphost-runtime.js:35
[ 2885065ms] [LOG] ECS - Config fetch complete @ https://content.powerapps.com/resource/webplayerbus/hashedresources/25q9tvvnh1hs3/js/es6.apphost-runtime.js:35
[ 3185326ms] [LOG] ECS - Config fetch complete @ https://content.powerapps.com/resource/webplayerbus/hashedresources/25q9tvvnh1hs3/js/es6.apphost-runtime.js:35
[ 3185459ms] [LOG] ECS - Config fetch complete @ https://content.powerapps.com/resource/webplayerbus/hashedresources/25q9tvvnh1hs3/js/es6.apphost-runtime.js:35
[ 3485687ms] [LOG] ECS - Config fetch complete @ https://content.powerapps.com/resource/webplayerbus/hashedresources/25q9tvvnh1hs3/js/es6.apphost-runtime.js:35
[ 3485880ms] [LOG] ECS - Config fetch complete @ https://content.powerapps.com/resource/webplayerbus/hashedresources/25q9tvvnh1hs3/js/es6.apphost-runtime.js:35
[ 3785987ms] [LOG] ECS - Config fetch complete @ https://content.powerapps.com/resource/webplayerbus/hashedresources/25q9tvvnh1hs3/js/es6.apphost-runtime.js:35
[ 3786152ms] [LOG] ECS - Config fetch complete @ https://content.powerapps.com/resource/webplayerbus/hashedresources/25q9tvvnh1hs3/js/es6.apphost-runtime.js:35
[ 4086278ms] [LOG] ECS - Config fetch complete @ https://content.powerapps.com/resource/webplayerbus/hashedresources/25q9tvvnh1hs3/js/es6.apphost-runtime.js:35
[ 4086452ms] [LOG] ECS - Config fetch complete @ https://content.powerapps.com/resource/webplayerbus/hashedresources/25q9tvvnh1hs3/js/es6.apphost-runtime.js:35
[ 4386438ms] [LOG] ECS - Config fetch complete @ https://content.powerapps.com/resource/webplayerbus/hashedresources/25q9tvvnh1hs3/js/es6.apphost-runtime.js:35
[ 4386721ms] [LOG] ECS - Config fetch complete @ https://content.powerapps.com/resource/webplayerbus/hashedresources/25q9tvvnh1hs3/js/es6.apphost-runtime.js:35
[ 4686594ms] [LOG] ECS - Config fetch complete @ https://content.powerapps.com/resource/webplayerbus/hashedresources/25q9tvvnh1hs3/js/es6.apphost-runtime.js:35
[ 4686846ms] [LOG] ECS - Config fetch complete @ https://content.powerapps.com/resource/webplayerbus/hashedresources/25q9tvvnh1hs3/js/es6.apphost-runtime.js:35
[ 4986920ms] [LOG] ECS - Config fetch complete @ https://content.powerapps.com/resource/webplayerbus/hashedresources/25q9tvvnh1hs3/js/es6.apphost-runtime.js:35
[ 4987165ms] [LOG] ECS - Config fetch complete @ https://content.powerapps.com/resource/webplayerbus/hashedresources/25q9tvvnh1hs3/js/es6.apphost-runtime.js:35
[ 5287353ms] [LOG] ECS - Config fetch complete @ https://content.powerapps.com/resource/webplayerbus/hashedresources/25q9tvvnh1hs3/js/es6.apphost-runtime.js:35
[ 5287505ms] [LOG] ECS - Config fetch complete @ https://content.powerapps.com/resource/webplayerbus/hashedresources/25q9tvvnh1hs3/js/es6.apphost-runtime.js:35
[ 5587614ms] [LOG] ECS - Config fetch complete @ https://content.powerapps.com/resource/webplayerbus/hashedresources/25q9tvvnh1hs3/js/es6.apphost-runtime.js:35
[ 5587683ms] [LOG] ECS - Config fetch complete @ https://content.powerapps.com/resource/webplayerbus/hashedresources/25q9tvvnh1hs3/js/es6.apphost-runtime.js:35
[ 5887936ms] [LOG] ECS - Config fetch complete @ https://content.powerapps.com/resource/webplayerbus/hashedresources/25q9tvvnh1hs3/js/es6.apphost-runtime.js:35
[ 5888099ms] [LOG] ECS - Config fetch complete @ https://content.powerapps.com/resource/webplayerbus/hashedresources/25q9tvvnh1hs3/js/es6.apphost-runtime.js:35
[ 6188105ms] [LOG] ECS - Config fetch complete @ https://content.powerapps.com/resource/webplayerbus/hashedresources/25q9tvvnh1hs3/js/es6.apphost-runtime.js:35
[ 6188426ms] [LOG] ECS - Config fetch complete @ https://content.powerapps.com/resource/webplayerbus/hashedresources/25q9tvvnh1hs3/js/es6.apphost-runtime.js:35
[ 6488417ms] [LOG] ECS - Config fetch complete @ https://content.powerapps.com/resource/webplayerbus/hashedresources/25q9tvvnh1hs3/js/es6.apphost-runtime.js:35
[ 6488750ms] [LOG] ECS - Config fetch complete @ https://content.powerapps.com/resource/webplayerbus/hashedresources/25q9tvvnh1hs3/js/es6.apphost-runtime.js:35
[ 6788594ms] [LOG] ECS - Config fetch complete @ https://content.powerapps.com/resource/webplayerbus/hashedresources/25q9tvvnh1hs3/js/es6.apphost-runtime.js:35
[ 6789342ms] [LOG] ECS - Config fetch complete @ https://content.powerapps.com/resource/webplayerbus/hashedresources/25q9tvvnh1hs3/js/es6.apphost-runtime.js:35
[ 7088807ms] [LOG] ECS - Config fetch complete @ https://content.powerapps.com/resource/webplayerbus/hashedresources/25q9tvvnh1hs3/js/es6.apphost-runtime.js:35
[ 7089601ms] [LOG] ECS - Config fetch complete @ https://content.powerapps.com/resource/webplayerbus/hashedresources/25q9tvvnh1hs3/js/es6.apphost-runtime.js:35
[ 7389049ms] [LOG] ECS - Config fetch complete @ https://content.powerapps.com/resource/webplayerbus/hashedresources/25q9tvvnh1hs3/js/es6.apphost-runtime.js:35
[ 7389820ms] [LOG] ECS - Config fetch complete @ https://content.powerapps.com/resource/webplayerbus/hashedresources/25q9tvvnh1hs3/js/es6.apphost-runtime.js:35
[ 7438220ms] [INFO] %cDownload the React DevTools for a better development experience: https://fb.me/react-devtools font-weight:bold @ https://content.powerapps.com/resource/webplayerbus/hashedresources/hrsjbd7tci8l1/js/es6.webplayer-host-ui.js:456917
[ 7438386ms] [ERROR] Warning: React.createElement: type is invalid -- expected a string (for built-in components) or a class/function (for composite components) but got: %s.%s undefined  You likely forgot to export your component from the file it's defined in, or you might have mixed up default and named imports. @ https://content.powerapps.com/resource/webplayerbus/hashedresources/hrsjbd7tci8l1/js/es6.webplayer-host-ui.js:458628
[ 7438549ms] [WARNING] No previously cached ECS telemetry config exists - fallback to sending event @ https://content.powerapps.com/resource/webplayerbus/hashedresources/25q9tvvnh1hs3/js/es6.apphost-runtime.js:35
[ 7438549ms] [LOG] ECS - Config fetch complete @ https://content.powerapps.com/resource/webplayerbus/hashedresources/25q9tvvnh1hs3/js/es6.apphost-runtime.js:35
[ 7438550ms] [WARNING] No previously cached ECS telemetry config exists - fallback to sending event @ https://content.powerapps.com/resource/webplayerbus/hashedresources/25q9tvvnh1hs3/js/es6.apphost-runtime.js:35
[ 7438550ms] [LOG] ECS - Config fetch complete @ https://content.powerapps.com/resource/webplayerbus/hashedresources/25q9tvvnh1hs3/js/es6.apphost-runtime.js:35
[ 7438691ms] [WARNING] Warning: componentWillReceiveProps has been renamed, and is not recommended for use. See https://fb.me/react-unsafe-component-lifecycles for details.

* Move data fetching code or side effects to componentDidUpdate.
* If you're updating state whenever props change, refactor your code to use memoization techniques or move it to static getDerivedStateFromProps. Learn more at: https://fb.me/react-derived-state
* Rename componentWillReceiveProps to UNSAFE_componentWillReceiveProps to suppress this warning in non-strict mode. In React 17.x, only the UNSAFE_ name will work. To rename all deprecated lifecycles to their new names, you can run `npx react-codemod rename-unsafe-lifecycles` in your project source folder.

Please update the following components: %s Xe @ https://content.powerapps.com/resource/webplayerbus/hashedresources/hrsjbd7tci8l1/js/es6.webplayer-host-ui.js:435437
[ 7438714ms] [WARNING] Warning: componentWillReceiveProps has been renamed, and is not recommended for use. See https://fb.me/react-unsafe-component-lifecycles for details.

* Move data fetching code or side effects to componentDidUpdate.
* If you're updating state whenever props change, refactor your code to use memoization techniques or move it to static getDerivedStateFromProps. Learn more at: https://fb.me/react-derived-state
* Rename componentWillReceiveProps to UNSAFE_componentWillReceiveProps to suppress this warning in non-strict mode. In React 17.x, only the UNSAFE_ name will work. To rename all deprecated lifecycles to their new names, you can run `npx react-codemod rename-unsafe-lifecycles` in your project source folder.

Please update the following components: %s w @ https://content.powerapps.com/resource/webplayerbus/hashedresources/hrsjbd7tci8l1/js/es6.webplayer-host-ui.js:435437
[ 7439295ms] [ERROR] Warning: Can't perform a React state update on an unmounted component. This is a no-op, but it indicates a memory leak in your application. To fix, cancel all subscriptions and asynchronous tasks in %s.%s the componentWillUnmount method 
    in T (created by Connect(T))
    in Connect(T) (created by o)
    in o (created by Xe)
    in div (created by de)
    in de (created by Xe)
    in div (created by Ee)
    in Ee (created by Xe)
    in div (created by Ee)
    in Ee (created by Xe)
    in c (created by Xe)
    in n (created by Xe)
    in div (created by Xe) @ https://content.powerapps.com/resource/webplayerbus/hashedresources/hrsjbd7tci8l1/js/es6.webplayer-host-ui.js:435437
[ 7439387ms] [ERROR] Failed to load resource: net::ERR_CERT_COMMON_NAME_INVALID @ https://config.fp.measure.office.com/conf/v2/o365se/fpconfig.min.json?monitorId=O365se:0
[ 7468139ms] [ERROR] PING failed to receive PONG message Error: Timed out after 30000ms while making a call to the 'In Memory Data Provider'.
    at https://6578df9f308b466eac803f99f06830c8.wus.us.powerapps.powerplatformusercontent.com/20260911t145314z4518fd177a/assets/index-Dl8ZqIZ8.js?skoid=3dbc96d3-0d12-427b-a1cf-47940917a6cd&sktid=975f013f-7f24-47e8-a7d3-abc4752bf346&skt=2026-09-11T14%3A00%3A00Z&ske=2026-09-18T14%3A00%3A00Z&sks=b&skv=2025-07-05&sv=2025-07-05&spr=https&st=2026-09-11T14%3A52%3A39Z&se=2026-09-17T00%3A00%3A00Z&sr=c&sp=rl&scid=318d2b22-4127-4c51-96b6-01d8d68979d7&sig=LIjyOx93D8yONWcWuw%2FE5gH%2BZgWlsnoDsAIhunauFhk%3D:385:96 @ https://6578df9f308b466eac803f99f06830c8.wus.us.powerapps.powerplatformusercontent.com/20260911t145314z4518fd177a/assets/index-Dl8ZqIZ8.js?skoid=3dbc96d3-0d12-427b-a1cf-47940917a6cd&sktid=975f013f-7f24-47e8-a7d3-abc4752bf346&skt=2026-09-11T14%3A00%3A00Z&ske=2026-09-18T14%3A00%3A00Z&sks=b&skv=2025-07-05&sv=2025-07-05&spr=https&st=2026-09-11T14%3A52%3A39Z&se=2026-09-17T00%3A00%3A00Z&sr=c&sp=rl&scid=318d2b22-4127-4c51-96b6-01d8d68979d7&sig=LIjyOx93D8yONWcWuw%2FE5gH%2BZgWlsnoDsAIhunauFhk%3D:384
[ 7468139ms] [ERROR] Failed to log info for AppGenDataClient/Initialized Error: Timed out after 30000ms while making a call to the 'In Memory Data Provider'.
    at https://6578df9f308b466eac803f99f06830c8.wus.us.powerapps.powerplatformusercontent.com/20260911t145314z4518fd177a/assets/index-Dl8ZqIZ8.js?skoid=3dbc96d3-0d12-427b-a1cf-47940917a6cd&sktid=975f013f-7f24-47e8-a7d3-abc4752bf346&skt=2026-09-11T14%3A00%3A00Z&ske=2026-09-18T14%3A00%3A00Z&sks=b&skv=2025-07-05&sv=2025-07-05&spr=https&st=2026-09-11T14%3A52%3A39Z&se=2026-09-17T00%3A00%3A00Z&sr=c&sp=rl&scid=318d2b22-4127-4c51-96b6-01d8d68979d7&sig=LIjyOx93D8yONWcWuw%2FE5gH%2BZgWlsnoDsAIhunauFhk%3D:385:96 @ https://6578df9f308b466eac803f99f06830c8.wus.us.powerapps.powerplatformusercontent.com/20260911t145314z4518fd177a/assets/index-Dl8ZqIZ8.js?skoid=3dbc96d3-0d12-427b-a1cf-47940917a6cd&sktid=975f013f-7f24-47e8-a7d3-abc4752bf346&skt=2026-09-11T14%3A00%3A00Z&ske=2026-09-18T14%3A00%3A00Z&sks=b&skv=2025-07-05&sv=2025-07-05&spr=https&st=2026-09-11T14%3A52%3A39Z&se=2026-09-17T00%3A00%3A00Z&sr=c&sp=rl&scid=318d2b22-4127-4c51-96b6-01d8d68979d7&sig=LIjyOx93D8yONWcWuw%2FE5gH%2BZgWlsnoDsAIhunauFhk%3D:384
[ 7468139ms] [ERROR] Failed to log info for retrieveMultipleRecordsAsync/Started Error: Timed out after 30000ms while making a call to the 'In Memory Data Provider'.
    at https://6578df9f308b466eac803f99f06830c8.wus.us.powerapps.powerplatformusercontent.com/20260911t145314z4518fd177a/assets/index-Dl8ZqIZ8.js?skoid=3dbc96d3-0d12-427b-a1cf-47940917a6cd&sktid=975f013f-7f24-47e8-a7d3-abc4752bf346&skt=2026-09-11T14%3A00%3A00Z&ske=2026-09-18T14%3A00%3A00Z&sks=b&skv=2025-07-05&sv=2025-07-05&spr=https&st=2026-09-11T14%3A52%3A39Z&se=2026-09-17T00%3A00%3A00Z&sr=c&sp=rl&scid=318d2b22-4127-4c51-96b6-01d8d68979d7&sig=LIjyOx93D8yONWcWuw%2FE5gH%2BZgWlsnoDsAIhunauFhk%3D:385:96 @ https://6578df9f308b466eac803f99f06830c8.wus.us.powerapps.powerplatformusercontent.com/20260911t145314z4518fd177a/assets/index-Dl8ZqIZ8.js?skoid=3dbc96d3-0d12-427b-a1cf-47940917a6cd&sktid=975f013f-7f24-47e8-a7d3-abc4752bf346&skt=2026-09-11T14%3A00%3A00Z&ske=2026-09-18T14%3A00%3A00Z&sks=b&skv=2025-07-05&sv=2025-07-05&spr=https&st=2026-09-11T14%3A52%3A39Z&se=2026-09-17T00%3A00%3A00Z&sr=c&sp=rl&scid=318d2b22-4127-4c51-96b6-01d8d68979d7&sig=LIjyOx93D8yONWcWuw%2FE5gH%2BZgWlsnoDsAIhunauFhk%3D:384
[ 7468139ms] Error: Timed out after 30000ms while making a call to the 'In Memory Data Provider'.
    at https://6578df9f308b466eac803f99f06830c8.wus.us.powerapps.powerplatformusercontent.com/20260911t145314z4518fd177a/assets/index-Dl8ZqIZ8.js?skoid=3dbc96d3-0d12-427b-a1cf-47940917a6cd&sktid=975f013f-7f24-47e8-a7d3-abc4752bf346&skt=2026-09-11T14%3A00%3A00Z&ske=2026-09-18T14%3A00%3A00Z&sks=b&skv=2025-07-05&sv=2025-07-05&spr=https&st=2026-09-11T14%3A52%3A39Z&se=2026-09-17T00%3A00%3A00Z&sr=c&sp=rl&scid=318d2b22-4127-4c51-96b6-01d8d68979d7&sig=LIjyOx93D8yONWcWuw%2FE5gH%2BZgWlsnoDsAIhunauFhk%3D:385:96
[ 7469259ms] [ERROR] Failed to log info for retrieveMultipleRecordsAsync/Completed Error: Timed out after 30000ms while making a call to the 'In Memory Data Provider'.
    at https://6578df9f308b466eac803f99f06830c8.wus.us.powerapps.powerplatformusercontent.com/20260911t145314z4518fd177a/assets/index-Dl8ZqIZ8.js?skoid=3dbc96d3-0d12-427b-a1cf-47940917a6cd&sktid=975f013f-7f24-47e8-a7d3-abc4752bf346&skt=2026-09-11T14%3A00%3A00Z&ske=2026-09-18T14%3A00%3A00Z&sks=b&skv=2025-07-05&sv=2025-07-05&spr=https&st=2026-09-11T14%3A52%3A39Z&se=2026-09-17T00%3A00%3A00Z&sr=c&sp=rl&scid=318d2b22-4127-4c51-96b6-01d8d68979d7&sig=LIjyOx93D8yONWcWuw%2FE5gH%2BZgWlsnoDsAIhunauFhk%3D:385:96 @ https://6578df9f308b466eac803f99f06830c8.wus.us.powerapps.powerplatformusercontent.com/20260911t145314z4518fd177a/assets/index-Dl8ZqIZ8.js?skoid=3dbc96d3-0d12-427b-a1cf-47940917a6cd&sktid=975f013f-7f24-47e8-a7d3-abc4752bf346&skt=2026-09-11T14%3A00%3A00Z&ske=2026-09-18T14%3A00%3A00Z&sks=b&skv=2025-07-05&sv=2025-07-05&spr=https&st=2026-09-11T14%3A52%3A39Z&se=2026-09-17T00%3A00%3A00Z&sr=c&sp=rl&scid=318d2b22-4127-4c51-96b6-01d8d68979d7&sig=LIjyOx93D8yONWcWuw%2FE5gH%2BZgWlsnoDsAIhunauFhk%3D:384
[ 7492446ms] [INFO] %cDownload the React DevTools for a better development experience: https://fb.me/react-devtools font-weight:bold @ https://content.powerapps.com/resource/webplayerbus/hashedresources/hrsjbd7tci8l1/js/es6.webplayer-host-ui.js:456917
[ 7492572ms] [ERROR] Warning: React.createElement: type is invalid -- expected a string (for built-in components) or a class/function (for composite components) but got: %s.%s undefined  You likely forgot to export your component from the file it's defined in, or you might have mixed up default and named imports. @ https://content.powerapps.com/resource/webplayerbus/hashedresources/hrsjbd7tci8l1/js/es6.webplayer-host-ui.js:458628
[ 7492616ms] [WARNING] No previously cached ECS telemetry config exists - fallback to sending event @ https://content.powerapps.com/resource/webplayerbus/hashedresources/25q9tvvnh1hs3/js/es6.apphost-runtime.js:35
[ 7492616ms] [LOG] ECS - Config fetch complete @ https://content.powerapps.com/resource/webplayerbus/hashedresources/25q9tvvnh1hs3/js/es6.apphost-runtime.js:35
[ 7492618ms] [WARNING] No previously cached ECS telemetry config exists - fallback to sending event @ https://content.powerapps.com/resource/webplayerbus/hashedresources/25q9tvvnh1hs3/js/es6.apphost-runtime.js:35
[ 7492619ms] [LOG] ECS - Config fetch complete @ https://content.powerapps.com/resource/webplayerbus/hashedresources/25q9tvvnh1hs3/js/es6.apphost-runtime.js:35
[ 7492655ms] [WARNING] Warning: componentWillReceiveProps has been renamed, and is not recommended for use. See https://fb.me/react-unsafe-component-lifecycles for details.

* Move data fetching code or side effects to componentDidUpdate.
* If you're updating state whenever props change, refactor your code to use memoization techniques or move it to static getDerivedStateFromProps. Learn more at: https://fb.me/react-derived-state
* Rename componentWillReceiveProps to UNSAFE_componentWillReceiveProps to suppress this warning in non-strict mode. In React 17.x, only the UNSAFE_ name will work. To rename all deprecated lifecycles to their new names, you can run `npx react-codemod rename-unsafe-lifecycles` in your project source folder.

Please update the following components: %s Xe @ https://content.powerapps.com/resource/webplayerbus/hashedresources/hrsjbd7tci8l1/js/es6.webplayer-host-ui.js:435437
[ 7492680ms] [WARNING] Warning: componentWillReceiveProps has been renamed, and is not recommended for use. See https://fb.me/react-unsafe-component-lifecycles for details.

* Move data fetching code or side effects to componentDidUpdate.
* If you're updating state whenever props change, refactor your code to use memoization techniques or move it to static getDerivedStateFromProps. Learn more at: https://fb.me/react-derived-state
* Rename componentWillReceiveProps to UNSAFE_componentWillReceiveProps to suppress this warning in non-strict mode. In React 17.x, only the UNSAFE_ name will work. To rename all deprecated lifecycles to their new names, you can run `npx react-codemod rename-unsafe-lifecycles` in your project source folder.

Please update the following components: %s w @ https://content.powerapps.com/resource/webplayerbus/hashedresources/hrsjbd7tci8l1/js/es6.webplayer-host-ui.js:435437
[ 7493026ms] [ERROR] Warning: Can't perform a React state update on an unmounted component. This is a no-op, but it indicates a memory leak in your application. To fix, cancel all subscriptions and asynchronous tasks in %s.%s the componentWillUnmount method 
    in T (created by Connect(T))
    in Connect(T) (created by o)
    in o (created by Xe)
    in div (created by de)
    in de (created by Xe)
    in div (created by Ee)
    in Ee (created by Xe)
    in div (created by Ee)
    in Ee (created by Xe)
    in c (created by Xe)
    in n (created by Xe)
    in div (created by Xe) @ https://content.powerapps.com/resource/webplayerbus/hashedresources/hrsjbd7tci8l1/js/es6.webplayer-host-ui.js:435437
[ 7493134ms] [ERROR] Failed to load resource: net::ERR_CERT_COMMON_NAME_INVALID @ https://config.fp.measure.office.com/conf/v2/o365se/fpconfig.min.json?monitorId=O365se:0
[ 7523260ms] [ERROR] PING failed to receive PONG message Error: Timed out after 30000ms while making a call to the 'In Memory Data Provider'.
    at https://6578df9f308b466eac803f99f06830c8.wus.us.powerapps.powerplatformusercontent.com/20260911t161928z6ead2740df/assets/index-B1CLlkdH.js?skoid=3dbc96d3-0d12-427b-a1cf-47940917a6cd&sktid=975f013f-7f24-47e8-a7d3-abc4752bf346&skt=2026-09-11T16%3A00%3A00Z&ske=2026-09-18T16%3A00%3A00Z&sks=b&skv=2025-07-05&sv=2025-07-05&spr=https&st=2026-09-11T16%3A19%3A00Z&se=2026-09-17T00%3A00%3A00Z&sr=c&sp=rl&scid=2b3c68b1-4259-40fe-bd93-936977caa0a3&sig=Hz5TwtvhKpBi7sopf2KmRXramrSJihTc0Bva6GpwWBI%3D:385:96 @ https://6578df9f308b466eac803f99f06830c8.wus.us.powerapps.powerplatformusercontent.com/20260911t161928z6ead2740df/assets/index-B1CLlkdH.js?skoid=3dbc96d3-0d12-427b-a1cf-47940917a6cd&sktid=975f013f-7f24-47e8-a7d3-abc4752bf346&skt=2026-09-11T16%3A00%3A00Z&ske=2026-09-18T16%3A00%3A00Z&sks=b&skv=2025-07-05&sv=2025-07-05&spr=https&st=2026-09-11T16%3A19%3A00Z&se=2026-09-17T00%3A00%3A00Z&sr=c&sp=rl&scid=2b3c68b1-4259-40fe-bd93-936977caa0a3&sig=Hz5TwtvhKpBi7sopf2KmRXramrSJihTc0Bva6GpwWBI%3D:384
[ 7523260ms] [ERROR] Failed to log info for AppGenDataClient/Initialized Error: Timed out after 30000ms while making a call to the 'In Memory Data Provider'.
    at https://6578df9f308b466eac803f99f06830c8.wus.us.powerapps.powerplatformusercontent.com/20260911t161928z6ead2740df/assets/index-B1CLlkdH.js?skoid=3dbc96d3-0d12-427b-a1cf-47940917a6cd&sktid=975f013f-7f24-47e8-a7d3-abc4752bf346&skt=2026-09-11T16%3A00%3A00Z&ske=2026-09-18T16%3A00%3A00Z&sks=b&skv=2025-07-05&sv=2025-07-05&spr=https&st=2026-09-11T16%3A19%3A00Z&se=2026-09-17T00%3A00%3A00Z&sr=c&sp=rl&scid=2b3c68b1-4259-40fe-bd93-936977caa0a3&sig=Hz5TwtvhKpBi7sopf2KmRXramrSJihTc0Bva6GpwWBI%3D:385:96 @ https://6578df9f308b466eac803f99f06830c8.wus.us.powerapps.powerplatformusercontent.com/20260911t161928z6ead2740df/assets/index-B1CLlkdH.js?skoid=3dbc96d3-0d12-427b-a1cf-47940917a6cd&sktid=975f013f-7f24-47e8-a7d3-abc4752bf346&skt=2026-09-11T16%3A00%3A00Z&ske=2026-09-18T16%3A00%3A00Z&sks=b&skv=2025-07-05&sv=2025-07-05&spr=https&st=2026-09-11T16%3A19%3A00Z&se=2026-09-17T00%3A00%3A00Z&sr=c&sp=rl&scid=2b3c68b1-4259-40fe-bd93-936977caa0a3&sig=Hz5TwtvhKpBi7sopf2KmRXramrSJihTc0Bva6GpwWBI%3D:384
[ 7523262ms] Error: Timed out after 30000ms while making a call to the 'In Memory Data Provider'.
    at https://6578df9f308b466eac803f99f06830c8.wus.us.powerapps.powerplatformusercontent.com/20260911t161928z6ead2740df/assets/index-B1CLlkdH.js?skoid=3dbc96d3-0d12-427b-a1cf-47940917a6cd&sktid=975f013f-7f24-47e8-a7d3-abc4752bf346&skt=2026-09-11T16%3A00%3A00Z&ske=2026-09-18T16%3A00%3A00Z&sks=b&skv=2025-07-05&sv=2025-07-05&spr=https&st=2026-09-11T16%3A19%3A00Z&se=2026-09-17T00%3A00%3A00Z&sr=c&sp=rl&scid=2b3c68b1-4259-40fe-bd93-936977caa0a3&sig=Hz5TwtvhKpBi7sopf2KmRXramrSJihTc0Bva6GpwWBI%3D:385:96
[ 7523260ms] [ERROR] Failed to log info for retrieveMultipleRecordsAsync/Started Error: Timed out after 30000ms while making a call to the 'In Memory Data Provider'.
    at https://6578df9f308b466eac803f99f06830c8.wus.us.powerapps.powerplatformusercontent.com/20260911t161928z6ead2740df/assets/index-B1CLlkdH.js?skoid=3dbc96d3-0d12-427b-a1cf-47940917a6cd&sktid=975f013f-7f24-47e8-a7d3-abc4752bf346&skt=2026-09-11T16%3A00%3A00Z&ske=2026-09-18T16%3A00%3A00Z&sks=b&skv=2025-07-05&sv=2025-07-05&spr=https&st=2026-09-11T16%3A19%3A00Z&se=2026-09-17T00%3A00%3A00Z&sr=c&sp=rl&scid=2b3c68b1-4259-40fe-bd93-936977caa0a3&sig=Hz5TwtvhKpBi7sopf2KmRXramrSJihTc0Bva6GpwWBI%3D:385:96 @ https://6578df9f308b466eac803f99f06830c8.wus.us.powerapps.powerplatformusercontent.com/20260911t161928z6ead2740df/assets/index-B1CLlkdH.js?skoid=3dbc96d3-0d12-427b-a1cf-47940917a6cd&sktid=975f013f-7f24-47e8-a7d3-abc4752bf346&skt=2026-09-11T16%3A00%3A00Z&ske=2026-09-18T16%3A00%3A00Z&sks=b&skv=2025-07-05&sv=2025-07-05&spr=https&st=2026-09-11T16%3A19%3A00Z&se=2026-09-17T00%3A00%3A00Z&sr=c&sp=rl&scid=2b3c68b1-4259-40fe-bd93-936977caa0a3&sig=Hz5TwtvhKpBi7sopf2KmRXramrSJihTc0Bva6GpwWBI%3D:384
[ 7523727ms] [ERROR] Failed to log info for retrieveMultipleRecordsAsync/Completed Error: Timed out after 30000ms while making a call to the 'In Memory Data Provider'.
    at https://6578df9f308b466eac803f99f06830c8.wus.us.powerapps.powerplatformusercontent.com/20260911t161928z6ead2740df/assets/index-B1CLlkdH.js?skoid=3dbc96d3-0d12-427b-a1cf-47940917a6cd&sktid=975f013f-7f24-47e8-a7d3-abc4752bf346&skt=2026-09-11T16%3A00%3A00Z&ske=2026-09-18T16%3A00%3A00Z&sks=b&skv=2025-07-05&sv=2025-07-05&spr=https&st=2026-09-11T16%3A19%3A00Z&se=2026-09-17T00%3A00%3A00Z&sr=c&sp=rl&scid=2b3c68b1-4259-40fe-bd93-936977caa0a3&sig=Hz5TwtvhKpBi7sopf2KmRXramrSJihTc0Bva6GpwWBI%3D:385:96 @ https://6578df9f308b466eac803f99f06830c8.wus.us.powerapps.powerplatformusercontent.com/20260911t161928z6ead2740df/assets/index-B1CLlkdH.js?skoid=3dbc96d3-0d12-427b-a1cf-47940917a6cd&sktid=975f013f-7f24-47e8-a7d3-abc4752bf346&skt=2026-09-11T16%3A00%3A00Z&ske=2026-09-18T16%3A00%3A00Z&sks=b&skv=2025-07-05&sv=2025-07-05&spr=https&st=2026-09-11T16%3A19%3A00Z&se=2026-09-17T00%3A00%3A00Z&sr=c&sp=rl&scid=2b3c68b1-4259-40fe-bd93-936977caa0a3&sig=Hz5TwtvhKpBi7sopf2KmRXramrSJihTc0Bva6GpwWBI%3D:384
[ 7792760ms] [LOG] ECS - Config fetch complete @ https://content.powerapps.com/resource/webplayerbus/hashedresources/25q9tvvnh1hs3/js/es6.apphost-runtime.js:35
[ 7792929ms] [LOG] ECS - Config fetch complete @ https://content.powerapps.com/resource/webplayerbus/hashedresources/25q9tvvnh1hs3/js/es6.apphost-runtime.js:35
[ 7974863ms] [INFO] %cDownload the React DevTools for a better development experience: https://fb.me/react-devtools font-weight:bold @ https://content.powerapps.com/resource/webplayerbus/hashedresources/hrsjbd7tci8l1/js/es6.webplayer-host-ui.js:456917
[ 7975020ms] [ERROR] Warning: React.createElement: type is invalid -- expected a string (for built-in components) or a class/function (for composite components) but got: %s.%s undefined  You likely forgot to export your component from the file it's defined in, or you might have mixed up default and named imports. @ https://content.powerapps.com/resource/webplayerbus/hashedresources/hrsjbd7tci8l1/js/es6.webplayer-host-ui.js:458628
[ 7975176ms] [WARNING] No previously cached ECS telemetry config exists - fallback to sending event @ https://content.powerapps.com/resource/webplayerbus/hashedresources/25q9tvvnh1hs3/js/es6.apphost-runtime.js:35
[ 7975177ms] [LOG] ECS - Config fetch complete @ https://content.powerapps.com/resource/webplayerbus/hashedresources/25q9tvvnh1hs3/js/es6.apphost-runtime.js:35
[ 7975181ms] [WARNING] No previously cached ECS telemetry config exists - fallback to sending event @ https://content.powerapps.com/resource/webplayerbus/hashedresources/25q9tvvnh1hs3/js/es6.apphost-runtime.js:35
[ 7975181ms] [LOG] ECS - Config fetch complete @ https://content.powerapps.com/resource/webplayerbus/hashedresources/25q9tvvnh1hs3/js/es6.apphost-runtime.js:35
[ 7975365ms] [WARNING] Warning: componentWillReceiveProps has been renamed, and is not recommended for use. See https://fb.me/react-unsafe-component-lifecycles for details.

* Move data fetching code or side effects to componentDidUpdate.
* If you're updating state whenever props change, refactor your code to use memoization techniques or move it to static getDerivedStateFromProps. Learn more at: https://fb.me/react-derived-state
* Rename componentWillReceiveProps to UNSAFE_componentWillReceiveProps to suppress this warning in non-strict mode. In React 17.x, only the UNSAFE_ name will work. To rename all deprecated lifecycles to their new names, you can run `npx react-codemod rename-unsafe-lifecycles` in your project source folder.

Please update the following components: %s Xe @ https://content.powerapps.com/resource/webplayerbus/hashedresources/hrsjbd7tci8l1/js/es6.webplayer-host-ui.js:435437
[ 7975379ms] [WARNING] Warning: componentWillReceiveProps has been renamed, and is not recommended for use. See https://fb.me/react-unsafe-component-lifecycles for details.

* Move data fetching code or side effects to componentDidUpdate.
* If you're updating state whenever props change, refactor your code to use memoization techniques or move it to static getDerivedStateFromProps. Learn more at: https://fb.me/react-derived-state
* Rename componentWillReceiveProps to UNSAFE_componentWillReceiveProps to suppress this warning in non-strict mode. In React 17.x, only the UNSAFE_ name will work. To rename all deprecated lifecycles to their new names, you can run `npx react-codemod rename-unsafe-lifecycles` in your project source folder.

Please update the following components: %s w @ https://content.powerapps.com/resource/webplayerbus/hashedresources/hrsjbd7tci8l1/js/es6.webplayer-host-ui.js:435437
[ 7975814ms] [ERROR] Warning: Can't perform a React state update on an unmounted component. This is a no-op, but it indicates a memory leak in your application. To fix, cancel all subscriptions and asynchronous tasks in %s.%s the componentWillUnmount method 
    in T (created by Connect(T))
    in Connect(T) (created by o)
    in o (created by Xe)
    in div (created by de)
    in de (created by Xe)
    in div (created by Ee)
    in Ee (created by Xe)
    in div (created by Ee)
    in Ee (created by Xe)
    in c (created by Xe)
    in n (created by Xe)
    in div (created by Xe) @ https://content.powerapps.com/resource/webplayerbus/hashedresources/hrsjbd7tci8l1/js/es6.webplayer-host-ui.js:435437
[ 8005077ms] [ERROR] PING failed to receive PONG message Error: Timed out after 30000ms while making a call to the 'In Memory Data Provider'.
    at https://6578df9f308b466eac803f99f06830c8.wus.us.powerapps.powerplatformusercontent.com/20260911t161928z6ead2740df/assets/index-B1CLlkdH.js?skoid=3dbc96d3-0d12-427b-a1cf-47940917a6cd&sktid=975f013f-7f24-47e8-a7d3-abc4752bf346&skt=2026-09-11T16%3A00%3A00Z&ske=2026-09-18T16%3A00%3A00Z&sks=b&skv=2025-07-05&sv=2025-07-05&spr=https&st=2026-09-11T16%3A19%3A00Z&se=2026-09-17T00%3A00%3A00Z&sr=c&sp=rl&scid=2b3c68b1-4259-40fe-bd93-936977caa0a3&sig=Hz5TwtvhKpBi7sopf2KmRXramrSJihTc0Bva6GpwWBI%3D:385:96 @ https://6578df9f308b466eac803f99f06830c8.wus.us.powerapps.powerplatformusercontent.com/20260911t161928z6ead2740df/assets/index-B1CLlkdH.js?skoid=3dbc96d3-0d12-427b-a1cf-47940917a6cd&sktid=975f013f-7f24-47e8-a7d3-abc4752bf346&skt=2026-09-11T16%3A00%3A00Z&ske=2026-09-18T16%3A00%3A00Z&sks=b&skv=2025-07-05&sv=2025-07-05&spr=https&st=2026-09-11T16%3A19%3A00Z&se=2026-09-17T00%3A00%3A00Z&sr=c&sp=rl&scid=2b3c68b1-4259-40fe-bd93-936977caa0a3&sig=Hz5TwtvhKpBi7sopf2KmRXramrSJihTc0Bva6GpwWBI%3D:384
[ 8005078ms] [ERROR] Failed to log info for AppGenDataClient/Initialized Error: Timed out after 30000ms while making a call to the 'In Memory Data Provider'.
    at https://6578df9f308b466eac803f99f06830c8.wus.us.powerapps.powerplatformusercontent.com/20260911t161928z6ead2740df/assets/index-B1CLlkdH.js?skoid=3dbc96d3-0d12-427b-a1cf-47940917a6cd&sktid=975f013f-7f24-47e8-a7d3-abc4752bf346&skt=2026-09-11T16%3A00%3A00Z&ske=2026-09-18T16%3A00%3A00Z&sks=b&skv=2025-07-05&sv=2025-07-05&spr=https&st=2026-09-11T16%3A19%3A00Z&se=2026-09-17T00%3A00%3A00Z&sr=c&sp=rl&scid=2b3c68b1-4259-40fe-bd93-936977caa0a3&sig=Hz5TwtvhKpBi7sopf2KmRXramrSJihTc0Bva6GpwWBI%3D:385:96 @ https://6578df9f308b466eac803f99f06830c8.wus.us.powerapps.powerplatformusercontent.com/20260911t161928z6ead2740df/assets/index-B1CLlkdH.js?skoid=3dbc96d3-0d12-427b-a1cf-47940917a6cd&sktid=975f013f-7f24-47e8-a7d3-abc4752bf346&skt=2026-09-11T16%3A00%3A00Z&ske=2026-09-18T16%3A00%3A00Z&sks=b&skv=2025-07-05&sv=2025-07-05&spr=https&st=2026-09-11T16%3A19%3A00Z&se=2026-09-17T00%3A00%3A00Z&sr=c&sp=rl&scid=2b3c68b1-4259-40fe-bd93-936977caa0a3&sig=Hz5TwtvhKpBi7sopf2KmRXramrSJihTc0Bva6GpwWBI%3D:384
[ 8005078ms] [ERROR] Failed to log info for retrieveMultipleRecordsAsync/Started Error: Timed out after 30000ms while making a call to the 'In Memory Data Provider'.
    at https://6578df9f308b466eac803f99f06830c8.wus.us.powerapps.powerplatformusercontent.com/20260911t161928z6ead2740df/assets/index-B1CLlkdH.js?skoid=3dbc96d3-0d12-427b-a1cf-47940917a6cd&sktid=975f013f-7f24-47e8-a7d3-abc4752bf346&skt=2026-09-11T16%3A00%3A00Z&ske=2026-09-18T16%3A00%3A00Z&sks=b&skv=2025-07-05&sv=2025-07-05&spr=https&st=2026-09-11T16%3A19%3A00Z&se=2026-09-17T00%3A00%3A00Z&sr=c&sp=rl&scid=2b3c68b1-4259-40fe-bd93-936977caa0a3&sig=Hz5TwtvhKpBi7sopf2KmRXramrSJihTc0Bva6GpwWBI%3D:385:96 @ https://6578df9f308b466eac803f99f06830c8.wus.us.powerapps.powerplatformusercontent.com/20260911t161928z6ead2740df/assets/index-B1CLlkdH.js?skoid=3dbc96d3-0d12-427b-a1cf-47940917a6cd&sktid=975f013f-7f24-47e8-a7d3-abc4752bf346&skt=2026-09-11T16%3A00%3A00Z&ske=2026-09-18T16%3A00%3A00Z&sks=b&skv=2025-07-05&sv=2025-07-05&spr=https&st=2026-09-11T16%3A19%3A00Z&se=2026-09-17T00%3A00%3A00Z&sr=c&sp=rl&scid=2b3c68b1-4259-40fe-bd93-936977caa0a3&sig=Hz5TwtvhKpBi7sopf2KmRXramrSJihTc0Bva6GpwWBI%3D:384
[ 8005079ms] Error: Timed out after 30000ms while making a call to the 'In Memory Data Provider'.
    at https://6578df9f308b466eac803f99f06830c8.wus.us.powerapps.powerplatformusercontent.com/20260911t161928z6ead2740df/assets/index-B1CLlkdH.js?skoid=3dbc96d3-0d12-427b-a1cf-47940917a6cd&sktid=975f013f-7f24-47e8-a7d3-abc4752bf346&skt=2026-09-11T16%3A00%3A00Z&ske=2026-09-18T16%3A00%3A00Z&sks=b&skv=2025-07-05&sv=2025-07-05&spr=https&st=2026-09-11T16%3A19%3A00Z&se=2026-09-17T00%3A00%3A00Z&sr=c&sp=rl&scid=2b3c68b1-4259-40fe-bd93-936977caa0a3&sig=Hz5TwtvhKpBi7sopf2KmRXramrSJihTc0Bva6GpwWBI%3D:385:96
[ 8005925ms] [ERROR] Failed to log info for retrieveMultipleRecordsAsync/Completed Error: Timed out after 30000ms while making a call to the 'In Memory Data Provider'.
    at https://6578df9f308b466eac803f99f06830c8.wus.us.powerapps.powerplatformusercontent.com/20260911t161928z6ead2740df/assets/index-B1CLlkdH.js?skoid=3dbc96d3-0d12-427b-a1cf-47940917a6cd&sktid=975f013f-7f24-47e8-a7d3-abc4752bf346&skt=2026-09-11T16%3A00%3A00Z&ske=2026-09-18T16%3A00%3A00Z&sks=b&skv=2025-07-05&sv=2025-07-05&spr=https&st=2026-09-11T16%3A19%3A00Z&se=2026-09-17T00%3A00%3A00Z&sr=c&sp=rl&scid=2b3c68b1-4259-40fe-bd93-936977caa0a3&sig=Hz5TwtvhKpBi7sopf2KmRXramrSJihTc0Bva6GpwWBI%3D:385:96 @ https://6578df9f308b466eac803f99f06830c8.wus.us.powerapps.powerplatformusercontent.com/20260911t161928z6ead2740df/assets/index-B1CLlkdH.js?skoid=3dbc96d3-0d12-427b-a1cf-47940917a6cd&sktid=975f013f-7f24-47e8-a7d3-abc4752bf346&skt=2026-09-11T16%3A00%3A00Z&ske=2026-09-18T16%3A00%3A00Z&sks=b&skv=2025-07-05&sv=2025-07-05&spr=https&st=2026-09-11T16%3A19%3A00Z&se=2026-09-17T00%3A00%3A00Z&sr=c&sp=rl&scid=2b3c68b1-4259-40fe-bd93-936977caa0a3&sig=Hz5TwtvhKpBi7sopf2KmRXramrSJihTc0Bva6GpwWBI%3D:384
[ 8275393ms] [LOG] ECS - Config fetch complete @ https://content.powerapps.com/resource/webplayerbus/hashedresources/25q9tvvnh1hs3/js/es6.apphost-runtime.js:35
[ 8275535ms] [LOG] ECS - Config fetch complete @ https://content.powerapps.com/resource/webplayerbus/hashedresources/25q9tvvnh1hs3/js/es6.apphost-runtime.js:35
[ 8575624ms] [LOG] ECS - Config fetch complete @ https://content.powerapps.com/resource/webplayerbus/hashedresources/25q9tvvnh1hs3/js/es6.apphost-runtime.js:35
[ 8575856ms] [LOG] ECS - Config fetch complete @ https://content.powerapps.com/resource/webplayerbus/hashedresources/25q9tvvnh1hs3/js/es6.apphost-runtime.js:35
[ 8875959ms] [LOG] ECS - Config fetch complete @ https://content.powerapps.com/resource/webplayerbus/hashedresources/25q9tvvnh1hs3/js/es6.apphost-runtime.js:35
[ 8876031ms] [LOG] ECS - Config fetch complete @ https://content.powerapps.com/resource/webplayerbus/hashedresources/25q9tvvnh1hs3/js/es6.apphost-runtime.js:35
[ 9176255ms] [LOG] ECS - Config fetch complete @ https://content.powerapps.com/resource/webplayerbus/hashedresources/25q9tvvnh1hs3/js/es6.apphost-runtime.js:35
[ 9176455ms] [LOG] ECS - Config fetch complete @ https://content.powerapps.com/resource/webplayerbus/hashedresources/25q9tvvnh1hs3/js/es6.apphost-runtime.js:35
[ 9476386ms] [LOG] ECS - Config fetch complete @ https://content.powerapps.com/resource/webplayerbus/hashedresources/25q9tvvnh1hs3/js/es6.apphost-runtime.js:35
[ 9476860ms] [LOG] ECS - Config fetch complete @ https://content.powerapps.com/resource/webplayerbus/hashedresources/25q9tvvnh1hs3/js/es6.apphost-runtime.js:35
[ 9763364ms] [INFO] %cDownload the React DevTools for a better development experience: https://fb.me/react-devtools font-weight:bold @ https://content.powerapps.com/resource/webplayerbus/hashedresources/hrsjbd7tci8l1/js/es6.webplayer-host-ui.js:456917
[ 9763526ms] [ERROR] Warning: React.createElement: type is invalid -- expected a string (for built-in components) or a class/function (for composite components) but got: %s.%s undefined  You likely forgot to export your component from the file it's defined in, or you might have mixed up default and named imports. @ https://content.powerapps.com/resource/webplayerbus/hashedresources/hrsjbd7tci8l1/js/es6.webplayer-host-ui.js:458628
[ 9763680ms] [WARNING] No previously cached ECS telemetry config exists - fallback to sending event @ https://content.powerapps.com/resource/webplayerbus/hashedresources/25q9tvvnh1hs3/js/es6.apphost-runtime.js:35
[ 9763680ms] [LOG] ECS - Config fetch complete @ https://content.powerapps.com/resource/webplayerbus/hashedresources/25q9tvvnh1hs3/js/es6.apphost-runtime.js:35
[ 9763682ms] [WARNING] No previously cached ECS telemetry config exists - fallback to sending event @ https://content.powerapps.com/resource/webplayerbus/hashedresources/25q9tvvnh1hs3/js/es6.apphost-runtime.js:35
[ 9763682ms] [LOG] ECS - Config fetch complete @ https://content.powerapps.com/resource/webplayerbus/hashedresources/25q9tvvnh1hs3/js/es6.apphost-runtime.js:35
[ 9763895ms] [WARNING] Warning: componentWillReceiveProps has been renamed, and is not recommended for use. See https://fb.me/react-unsafe-component-lifecycles for details.

* Move data fetching code or side effects to componentDidUpdate.
* If you're updating state whenever props change, refactor your code to use memoization techniques or move it to static getDerivedStateFromProps. Learn more at: https://fb.me/react-derived-state
* Rename componentWillReceiveProps to UNSAFE_componentWillReceiveProps to suppress this warning in non-strict mode. In React 17.x, only the UNSAFE_ name will work. To rename all deprecated lifecycles to their new names, you can run `npx react-codemod rename-unsafe-lifecycles` in your project source folder.

Please update the following components: %s Xe @ https://content.powerapps.com/resource/webplayerbus/hashedresources/hrsjbd7tci8l1/js/es6.webplayer-host-ui.js:435437
[ 9763910ms] [WARNING] Warning: componentWillReceiveProps has been renamed, and is not recommended for use. See https://fb.me/react-unsafe-component-lifecycles for details.

* Move data fetching code or side effects to componentDidUpdate.
* If you're updating state whenever props change, refactor your code to use memoization techniques or move it to static getDerivedStateFromProps. Learn more at: https://fb.me/react-derived-state
* Rename componentWillReceiveProps to UNSAFE_componentWillReceiveProps to suppress this warning in non-strict mode. In React 17.x, only the UNSAFE_ name will work. To rename all deprecated lifecycles to their new names, you can run `npx react-codemod rename-unsafe-lifecycles` in your project source folder.

Please update the following components: %s w @ https://content.powerapps.com/resource/webplayerbus/hashedresources/hrsjbd7tci8l1/js/es6.webplayer-host-ui.js:435437
[ 9764165ms] [ERROR] Warning: Can't perform a React state update on an unmounted component. This is a no-op, but it indicates a memory leak in your application. To fix, cancel all subscriptions and asynchronous tasks in %s.%s the componentWillUnmount method 
    in T (created by Connect(T))
    in Connect(T) (created by o)
    in o (created by Xe)
    in div (created by de)
    in de (created by Xe)
    in div (created by Ee)
    in Ee (created by Xe)
    in div (created by Ee)
    in Ee (created by Xe)
    in c (created by Xe)
    in n (created by Xe)
    in div (created by Xe) @ https://content.powerapps.com/resource/webplayerbus/hashedresources/hrsjbd7tci8l1/js/es6.webplayer-host-ui.js:435437
[ 9794294ms] [ERROR] PING failed to receive PONG message Error: Timed out after 30000ms while making a call to the 'In Memory Data Provider'.
    at https://6578df9f308b466eac803f99f06830c8.wus.us.powerapps.powerplatformusercontent.com/20260911t162843zeebf5692df/assets/index-BAnIEKxb.js?skoid=3dbc96d3-0d12-427b-a1cf-47940917a6cd&sktid=975f013f-7f24-47e8-a7d3-abc4752bf346&skt=2026-09-11T16%3A00%3A00Z&ske=2026-09-18T16%3A00%3A00Z&sks=b&skv=2025-07-05&sv=2025-07-05&spr=https&st=2026-09-11T16%3A27%3A56Z&se=2026-09-17T00%3A00%3A00Z&sr=c&sp=rl&scid=b7ff6bb2-26ed-4bba-a33f-0ccce922a90a&sig=%2B%2BddqnuPRGdPOfwg7IBLiY8911Kq0vkdXdCv3r59C0A%3D:385:96 @ https://6578df9f308b466eac803f99f06830c8.wus.us.powerapps.powerplatformusercontent.com/20260911t162843zeebf5692df/assets/index-BAnIEKxb.js?skoid=3dbc96d3-0d12-427b-a1cf-47940917a6cd&sktid=975f013f-7f24-47e8-a7d3-abc4752bf346&skt=2026-09-11T16%3A00%3A00Z&ske=2026-09-18T16%3A00%3A00Z&sks=b&skv=2025-07-05&sv=2025-07-05&spr=https&st=2026-09-11T16%3A27%3A56Z&se=2026-09-17T00%3A00%3A00Z&sr=c&sp=rl&scid=b7ff6bb2-26ed-4bba-a33f-0ccce922a90a&sig=%2B%2BddqnuPRGdPOfwg7IBLiY8911Kq0vkdXdCv3r59C0A%3D:384
[ 9794294ms] [ERROR] Failed to log info for AppGenDataClient/Initialized Error: Timed out after 30000ms while making a call to the 'In Memory Data Provider'.
    at https://6578df9f308b466eac803f99f06830c8.wus.us.powerapps.powerplatformusercontent.com/20260911t162843zeebf5692df/assets/index-BAnIEKxb.js?skoid=3dbc96d3-0d12-427b-a1cf-47940917a6cd&sktid=975f013f-7f24-47e8-a7d3-abc4752bf346&skt=2026-09-11T16%3A00%3A00Z&ske=2026-09-18T16%3A00%3A00Z&sks=b&skv=2025-07-05&sv=2025-07-05&spr=https&st=2026-09-11T16%3A27%3A56Z&se=2026-09-17T00%3A00%3A00Z&sr=c&sp=rl&scid=b7ff6bb2-26ed-4bba-a33f-0ccce922a90a&sig=%2B%2BddqnuPRGdPOfwg7IBLiY8911Kq0vkdXdCv3r59C0A%3D:385:96 @ https://6578df9f308b466eac803f99f06830c8.wus.us.powerapps.powerplatformusercontent.com/20260911t162843zeebf5692df/assets/index-BAnIEKxb.js?skoid=3dbc96d3-0d12-427b-a1cf-47940917a6cd&sktid=975f013f-7f24-47e8-a7d3-abc4752bf346&skt=2026-09-11T16%3A00%3A00Z&ske=2026-09-18T16%3A00%3A00Z&sks=b&skv=2025-07-05&sv=2025-07-05&spr=https&st=2026-09-11T16%3A27%3A56Z&se=2026-09-17T00%3A00%3A00Z&sr=c&sp=rl&scid=b7ff6bb2-26ed-4bba-a33f-0ccce922a90a&sig=%2B%2BddqnuPRGdPOfwg7IBLiY8911Kq0vkdXdCv3r59C0A%3D:384
[ 9794294ms] [ERROR] Failed to log info for retrieveMultipleRecordsAsync/Started Error: Timed out after 30000ms while making a call to the 'In Memory Data Provider'.
    at https://6578df9f308b466eac803f99f06830c8.wus.us.powerapps.powerplatformusercontent.com/20260911t162843zeebf5692df/assets/index-BAnIEKxb.js?skoid=3dbc96d3-0d12-427b-a1cf-47940917a6cd&sktid=975f013f-7f24-47e8-a7d3-abc4752bf346&skt=2026-09-11T16%3A00%3A00Z&ske=2026-09-18T16%3A00%3A00Z&sks=b&skv=2025-07-05&sv=2025-07-05&spr=https&st=2026-09-11T16%3A27%3A56Z&se=2026-09-17T00%3A00%3A00Z&sr=c&sp=rl&scid=b7ff6bb2-26ed-4bba-a33f-0ccce922a90a&sig=%2B%2BddqnuPRGdPOfwg7IBLiY8911Kq0vkdXdCv3r59C0A%3D:385:96 @ https://6578df9f308b466eac803f99f06830c8.wus.us.powerapps.powerplatformusercontent.com/20260911t162843zeebf5692df/assets/index-BAnIEKxb.js?skoid=3dbc96d3-0d12-427b-a1cf-47940917a6cd&sktid=975f013f-7f24-47e8-a7d3-abc4752bf346&skt=2026-09-11T16%3A00%3A00Z&ske=2026-09-18T16%3A00%3A00Z&sks=b&skv=2025-07-05&sv=2025-07-05&spr=https&st=2026-09-11T16%3A27%3A56Z&se=2026-09-17T00%3A00%3A00Z&sr=c&sp=rl&scid=b7ff6bb2-26ed-4bba-a33f-0ccce922a90a&sig=%2B%2BddqnuPRGdPOfwg7IBLiY8911Kq0vkdXdCv3r59C0A%3D:384
[ 9794294ms] Error: Timed out after 30000ms while making a call to the 'In Memory Data Provider'.
    at https://6578df9f308b466eac803f99f06830c8.wus.us.powerapps.powerplatformusercontent.com/20260911t162843zeebf5692df/assets/index-BAnIEKxb.js?skoid=3dbc96d3-0d12-427b-a1cf-47940917a6cd&sktid=975f013f-7f24-47e8-a7d3-abc4752bf346&skt=2026-09-11T16%3A00%3A00Z&ske=2026-09-18T16%3A00%3A00Z&sks=b&skv=2025-07-05&sv=2025-07-05&spr=https&st=2026-09-11T16%3A27%3A56Z&se=2026-09-17T00%3A00%3A00Z&sr=c&sp=rl&scid=b7ff6bb2-26ed-4bba-a33f-0ccce922a90a&sig=%2B%2BddqnuPRGdPOfwg7IBLiY8911Kq0vkdXdCv3r59C0A%3D:385:96
[ 9795480ms] [ERROR] Failed to log info for retrieveMultipleRecordsAsync/Completed Error: Timed out after 30000ms while making a call to the 'In Memory Data Provider'.
    at https://6578df9f308b466eac803f99f06830c8.wus.us.powerapps.powerplatformusercontent.com/20260911t162843zeebf5692df/assets/index-BAnIEKxb.js?skoid=3dbc96d3-0d12-427b-a1cf-47940917a6cd&sktid=975f013f-7f24-47e8-a7d3-abc4752bf346&skt=2026-09-11T16%3A00%3A00Z&ske=2026-09-18T16%3A00%3A00Z&sks=b&skv=2025-07-05&sv=2025-07-05&spr=https&st=2026-09-11T16%3A27%3A56Z&se=2026-09-17T00%3A00%3A00Z&sr=c&sp=rl&scid=b7ff6bb2-26ed-4bba-a33f-0ccce922a90a&sig=%2B%2BddqnuPRGdPOfwg7IBLiY8911Kq0vkdXdCv3r59C0A%3D:385:96 @ https://6578df9f308b466eac803f99f06830c8.wus.us.powerapps.powerplatformusercontent.com/20260911t162843zeebf5692df/assets/index-BAnIEKxb.js?skoid=3dbc96d3-0d12-427b-a1cf-47940917a6cd&sktid=975f013f-7f24-47e8-a7d3-abc4752bf346&skt=2026-09-11T16%3A00%3A00Z&ske=2026-09-18T16%3A00%3A00Z&sks=b&skv=2025-07-05&sv=2025-07-05&spr=https&st=2026-09-11T16%3A27%3A56Z&se=2026-09-17T00%3A00%3A00Z&sr=c&sp=rl&scid=b7ff6bb2-26ed-4bba-a33f-0ccce922a90a&sig=%2B%2BddqnuPRGdPOfwg7IBLiY8911Kq0vkdXdCv3r59C0A%3D:384
[10063808ms] [LOG] ECS - Config fetch complete @ https://content.powerapps.com/resource/webplayerbus/hashedresources/25q9tvvnh1hs3/js/es6.apphost-runtime.js:35
[10064060ms] [LOG] ECS - Config fetch complete @ https://content.powerapps.com/resource/webplayerbus/hashedresources/25q9tvvnh1hs3/js/es6.apphost-runtime.js:35
[10364046ms] [LOG] ECS - Config fetch complete @ https://content.powerapps.com/resource/webplayerbus/hashedresources/25q9tvvnh1hs3/js/es6.apphost-runtime.js:35
[10364160ms] [LOG] ECS - Config fetch complete @ https://content.powerapps.com/resource/webplayerbus/hashedresources/25q9tvvnh1hs3/js/es6.apphost-runtime.js:35
[10664187ms] [LOG] ECS - Config fetch complete @ https://content.powerapps.com/resource/webplayerbus/hashedresources/25q9tvvnh1hs3/js/es6.apphost-runtime.js:35
[10664404ms] [LOG] ECS - Config fetch complete @ https://content.powerapps.com/resource/webplayerbus/hashedresources/25q9tvvnh1hs3/js/es6.apphost-runtime.js:35
[10964441ms] [LOG] ECS - Config fetch complete @ https://content.powerapps.com/resource/webplayerbus/hashedresources/25q9tvvnh1hs3/js/es6.apphost-runtime.js:35
[10964555ms] [LOG] ECS - Config fetch complete @ https://content.powerapps.com/resource/webplayerbus/hashedresources/25q9tvvnh1hs3/js/es6.apphost-runtime.js:35
[11264615ms] [LOG] ECS - Config fetch complete @ https://content.powerapps.com/resource/webplayerbus/hashedresources/25q9tvvnh1hs3/js/es6.apphost-runtime.js:35
[11264875ms] [LOG] ECS - Config fetch complete @ https://content.powerapps.com/resource/webplayerbus/hashedresources/25q9tvvnh1hs3/js/es6.apphost-runtime.js:35
[11564845ms] [LOG] ECS - Config fetch complete @ https://content.powerapps.com/resource/webplayerbus/hashedresources/25q9tvvnh1hs3/js/es6.apphost-runtime.js:35
[11565089ms] [LOG] ECS - Config fetch complete @ https://content.powerapps.com/resource/webplayerbus/hashedresources/25q9tvvnh1hs3/js/es6.apphost-runtime.js:35
[11865091ms] [LOG] ECS - Config fetch complete @ https://content.powerapps.com/resource/webplayerbus/hashedresources/25q9tvvnh1hs3/js/es6.apphost-runtime.js:35
[11865412ms] [LOG] ECS - Config fetch complete @ https://content.powerapps.com/resource/webplayerbus/hashedresources/25q9tvvnh1hs3/js/es6.apphost-runtime.js:35
[12165509ms] [LOG] ECS - Config fetch complete @ https://content.powerapps.com/resource/webplayerbus/hashedresources/25q9tvvnh1hs3/js/es6.apphost-runtime.js:35
[12165819ms] [LOG] ECS - Config fetch complete @ https://content.powerapps.com/resource/webplayerbus/hashedresources/25q9tvvnh1hs3/js/es6.apphost-runtime.js:35
[12465763ms] [LOG] ECS - Config fetch complete @ https://content.powerapps.com/resource/webplayerbus/hashedresources/25q9tvvnh1hs3/js/es6.apphost-runtime.js:35
[12465933ms] [LOG] ECS - Config fetch complete @ https://content.powerapps.com/resource/webplayerbus/hashedresources/25q9tvvnh1hs3/js/es6.apphost-runtime.js:35
[12765909ms] [LOG] ECS - Config fetch complete @ https://content.powerapps.com/resource/webplayerbus/hashedresources/25q9tvvnh1hs3/js/es6.apphost-runtime.js:35
[12766254ms] [LOG] ECS - Config fetch complete @ https://content.powerapps.com/resource/webplayerbus/hashedresources/25q9tvvnh1hs3/js/es6.apphost-runtime.js:35
[13066119ms] [LOG] ECS - Config fetch complete @ https://content.powerapps.com/resource/webplayerbus/hashedresources/25q9tvvnh1hs3/js/es6.apphost-runtime.js:35
[13066566ms] [LOG] ECS - Config fetch complete @ https://content.powerapps.com/resource/webplayerbus/hashedresources/25q9tvvnh1hs3/js/es6.apphost-runtime.js:35
[13366357ms] [LOG] ECS - Config fetch complete @ https://content.powerapps.com/resource/webplayerbus/hashedresources/25q9tvvnh1hs3/js/es6.apphost-runtime.js:35
[13366693ms] [LOG] ECS - Config fetch complete @ https://content.powerapps.com/resource/webplayerbus/hashedresources/25q9tvvnh1hs3/js/es6.apphost-runtime.js:35
[13666615ms] [LOG] ECS - Config fetch complete @ https://content.powerapps.com/resource/webplayerbus/hashedresources/25q9tvvnh1hs3/js/es6.apphost-runtime.js:35
[13667035ms] [LOG] ECS - Config fetch complete @ https://content.powerapps.com/resource/webplayerbus/hashedresources/25q9tvvnh1hs3/js/es6.apphost-runtime.js:35
[13966817ms] [LOG] ECS - Config fetch complete @ https://content.powerapps.com/resource/webplayerbus/hashedresources/25q9tvvnh1hs3/js/es6.apphost-runtime.js:35
[13967289ms] [LOG] ECS - Config fetch complete @ https://content.powerapps.com/resource/webplayerbus/hashedresources/25q9tvvnh1hs3/js/es6.apphost-runtime.js:35
[14267145ms] [LOG] ECS - Config fetch complete @ https://content.powerapps.com/resource/webplayerbus/hashedresources/25q9tvvnh1hs3/js/es6.apphost-runtime.js:35
[14267626ms] [LOG] ECS - Config fetch complete @ https://content.powerapps.com/resource/webplayerbus/hashedresources/25q9tvvnh1hs3/js/es6.apphost-runtime.js:35
[14567483ms] [LOG] ECS - Config fetch complete @ https://content.powerapps.com/resource/webplayerbus/hashedresources/25q9tvvnh1hs3/js/es6.apphost-runtime.js:35
[14568142ms] [LOG] ECS - Config fetch complete @ https://content.powerapps.com/resource/webplayerbus/hashedresources/25q9tvvnh1hs3/js/es6.apphost-runtime.js:35
[14867698ms] [LOG] ECS - Config fetch complete @ https://content.powerapps.com/resource/webplayerbus/hashedresources/25q9tvvnh1hs3/js/es6.apphost-runtime.js:35
[14868535ms] [LOG] ECS - Config fetch complete @ https://content.powerapps.com/resource/webplayerbus/hashedresources/25q9tvvnh1hs3/js/es6.apphost-runtime.js:35
[15167902ms] [LOG] ECS - Config fetch complete @ https://content.powerapps.com/resource/webplayerbus/hashedresources/25q9tvvnh1hs3/js/es6.apphost-runtime.js:35
[15168829ms] [LOG] ECS - Config fetch complete @ https://content.powerapps.com/resource/webplayerbus/hashedresources/25q9tvvnh1hs3/js/es6.apphost-runtime.js:35
[15468132ms] [LOG] ECS - Config fetch complete @ https://content.powerapps.com/resource/webplayerbus/hashedresources/25q9tvvnh1hs3/js/es6.apphost-runtime.js:35
[15469124ms] [LOG] ECS - Config fetch complete @ https://content.powerapps.com/resource/webplayerbus/hashedresources/25q9tvvnh1hs3/js/es6.apphost-runtime.js:35
[15768474ms] [LOG] ECS - Config fetch complete @ https://content.powerapps.com/resource/webplayerbus/hashedresources/25q9tvvnh1hs3/js/es6.apphost-runtime.js:35
[15769344ms] [LOG] ECS - Config fetch complete @ https://content.powerapps.com/resource/webplayerbus/hashedresources/25q9tvvnh1hs3/js/es6.apphost-runtime.js:35
[16068643ms] [LOG] ECS - Config fetch complete @ https://content.powerapps.com/resource/webplayerbus/hashedresources/25q9tvvnh1hs3/js/es6.apphost-runtime.js:35
[16069653ms] [LOG] ECS - Config fetch complete @ https://content.powerapps.com/resource/webplayerbus/hashedresources/25q9tvvnh1hs3/js/es6.apphost-runtime.js:35
[16368999ms] [LOG] ECS - Config fetch complete @ https://content.powerapps.com/resource/webplayerbus/hashedresources/25q9tvvnh1hs3/js/es6.apphost-runtime.js:35
[16369794ms] [LOG] ECS - Config fetch complete @ https://content.powerapps.com/resource/webplayerbus/hashedresources/25q9tvvnh1hs3/js/es6.apphost-runtime.js:35
[16669254ms] [LOG] ECS - Config fetch complete @ https://content.powerapps.com/resource/webplayerbus/hashedresources/25q9tvvnh1hs3/js/es6.apphost-runtime.js:35
[16670001ms] [LOG] ECS - Config fetch complete @ https://content.powerapps.com/resource/webplayerbus/hashedresources/25q9tvvnh1hs3/js/es6.apphost-runtime.js:35
[16969583ms] [LOG] ECS - Config fetch complete @ https://content.powerapps.com/resource/webplayerbus/hashedresources/25q9tvvnh1hs3/js/es6.apphost-runtime.js:35
[16970172ms] [LOG] ECS - Config fetch complete @ https://content.powerapps.com/resource/webplayerbus/hashedresources/25q9tvvnh1hs3/js/es6.apphost-runtime.js:35
[17269887ms] [LOG] ECS - Config fetch complete @ https://content.powerapps.com/resource/webplayerbus/hashedresources/25q9tvvnh1hs3/js/es6.apphost-runtime.js:35
[17270299ms] [LOG] ECS - Config fetch complete @ https://content.powerapps.com/resource/webplayerbus/hashedresources/25q9tvvnh1hs3/js/es6.apphost-runtime.js:35
[17599893ms] [ERROR] ECS - Service request failed to return a response (timedOut: true, responseParseError: undefined) @ https://content.powerapps.com/resource/webplayerbus/hashedresources/25q9tvvnh1hs3/js/es6.apphost-runtime.js:35
[17600306ms] [ERROR] ECS - Service request failed to return a response (timedOut: true, responseParseError: undefined) @ https://content.powerapps.com/resource/webplayerbus/hashedresources/25q9tvvnh1hs3/js/es6.apphost-runtime.js:35
[17630903ms] [ERROR] ECS - Service request failed to return a response (timedOut: true, responseParseError: undefined) @ https://content.powerapps.com/resource/webplayerbus/hashedresources/25q9tvvnh1hs3/js/es6.apphost-runtime.js:35
[17631428ms] [ERROR] ECS - Service request failed to return a response (timedOut: true, responseParseError: undefined) @ https://content.powerapps.com/resource/webplayerbus/hashedresources/25q9tvvnh1hs3/js/es6.apphost-runtime.js:35
[17634265ms] [LOG] ECS - Config fetch complete @ https://content.powerapps.com/resource/webplayerbus/hashedresources/25q9tvvnh1hs3/js/es6.apphost-runtime.js:35
[17634955ms] [LOG] ECS - Config fetch complete @ https://content.powerapps.com/resource/webplayerbus/hashedresources/25q9tvvnh1hs3/js/es6.apphost-runtime.js:35
[17934540ms] [LOG] ECS - Config fetch complete @ https://content.powerapps.com/resource/webplayerbus/hashedresources/25q9tvvnh1hs3/js/es6.apphost-runtime.js:35
[17935125ms] [LOG] ECS - Config fetch complete @ https://content.powerapps.com/resource/webplayerbus/hashedresources/25q9tvvnh1hs3/js/es6.apphost-runtime.js:35
[18234954ms] [LOG] ECS - Config fetch complete @ https://content.powerapps.com/resource/webplayerbus/hashedresources/25q9tvvnh1hs3/js/es6.apphost-runtime.js:35
[18235391ms] [LOG] ECS - Config fetch complete @ https://content.powerapps.com/resource/webplayerbus/hashedresources/25q9tvvnh1hs3/js/es6.apphost-runtime.js:35
[18535192ms] [LOG] ECS - Config fetch complete @ https://content.powerapps.com/resource/webplayerbus/hashedresources/25q9tvvnh1hs3/js/es6.apphost-runtime.js:35
[18535711ms] [LOG] ECS - Config fetch complete @ https://content.powerapps.com/resource/webplayerbus/hashedresources/25q9tvvnh1hs3/js/es6.apphost-runtime.js:35
[18835595ms] [LOG] ECS - Config fetch complete @ https://content.powerapps.com/resource/webplayerbus/hashedresources/25q9tvvnh1hs3/js/es6.apphost-runtime.js:35
[18835904ms] [LOG] ECS - Config fetch complete @ https://content.powerapps.com/resource/webplayerbus/hashedresources/25q9tvvnh1hs3/js/es6.apphost-runtime.js:35
[19136029ms] [LOG] ECS - Config fetch complete @ https://content.powerapps.com/resource/webplayerbus/hashedresources/25q9tvvnh1hs3/js/es6.apphost-runtime.js:35
[19136350ms] [LOG] ECS - Config fetch complete @ https://content.powerapps.com/resource/webplayerbus/hashedresources/25q9tvvnh1hs3/js/es6.apphost-runtime.js:35
[19436289ms] [LOG] ECS - Config fetch complete @ https://content.powerapps.com/resource/webplayerbus/hashedresources/25q9tvvnh1hs3/js/es6.apphost-runtime.js:35
[19436590ms] [LOG] ECS - Config fetch complete @ https://content.powerapps.com/resource/webplayerbus/hashedresources/25q9tvvnh1hs3/js/es6.apphost-runtime.js:35
[19736620ms] [LOG] ECS - Config fetch complete @ https://content.powerapps.com/resource/webplayerbus/hashedresources/25q9tvvnh1hs3/js/es6.apphost-runtime.js:35
[19736908ms] [LOG] ECS - Config fetch complete @ https://content.powerapps.com/resource/webplayerbus/hashedresources/25q9tvvnh1hs3/js/es6.apphost-runtime.js:35
[20036942ms] [LOG] ECS - Config fetch complete @ https://content.powerapps.com/resource/webplayerbus/hashedresources/25q9tvvnh1hs3/js/es6.apphost-runtime.js:35
[20037234ms] [LOG] ECS - Config fetch complete @ https://content.powerapps.com/resource/webplayerbus/hashedresources/25q9tvvnh1hs3/js/es6.apphost-runtime.js:35
[20337182ms] [LOG] ECS - Config fetch complete @ https://content.powerapps.com/resource/webplayerbus/hashedresources/25q9tvvnh1hs3/js/es6.apphost-runtime.js:35
[20337445ms] [LOG] ECS - Config fetch complete @ https://content.powerapps.com/resource/webplayerbus/hashedresources/25q9tvvnh1hs3/js/es6.apphost-runtime.js:35
[20637497ms] [LOG] ECS - Config fetch complete @ https://content.powerapps.com/resource/webplayerbus/hashedresources/25q9tvvnh1hs3/js/es6.apphost-runtime.js:35
[20637961ms] [LOG] ECS - Config fetch complete @ https://content.powerapps.com/resource/webplayerbus/hashedresources/25q9tvvnh1hs3/js/es6.apphost-runtime.js:35
[20937761ms] [LOG] ECS - Config fetch complete @ https://content.powerapps.com/resource/webplayerbus/hashedresources/25q9tvvnh1hs3/js/es6.apphost-runtime.js:35
[20938194ms] [LOG] ECS - Config fetch complete @ https://content.powerapps.com/resource/webplayerbus/hashedresources/25q9tvvnh1hs3/js/es6.apphost-runtime.js:35
[21238014ms] [LOG] ECS - Config fetch complete @ https://content.powerapps.com/resource/webplayerbus/hashedresources/25q9tvvnh1hs3/js/es6.apphost-runtime.js:35
[21238440ms] [LOG] ECS - Config fetch complete @ https://content.powerapps.com/resource/webplayerbus/hashedresources/25q9tvvnh1hs3/js/es6.apphost-runtime.js:35
[21538436ms] [LOG] ECS - Config fetch complete @ https://content.powerapps.com/resource/webplayerbus/hashedresources/25q9tvvnh1hs3/js/es6.apphost-runtime.js:35
[21538705ms] [LOG] ECS - Config fetch complete @ https://content.powerapps.com/resource/webplayerbus/hashedresources/25q9tvvnh1hs3/js/es6.apphost-runtime.js:35
[21838654ms] [LOG] ECS - Config fetch complete @ https://content.powerapps.com/resource/webplayerbus/hashedresources/25q9tvvnh1hs3/js/es6.apphost-runtime.js:35
[21839026ms] [LOG] ECS - Config fetch complete @ https://content.powerapps.com/resource/webplayerbus/hashedresources/25q9tvvnh1hs3/js/es6.apphost-runtime.js:35
[22138998ms] [LOG] ECS - Config fetch complete @ https://content.powerapps.com/resource/webplayerbus/hashedresources/25q9tvvnh1hs3/js/es6.apphost-runtime.js:35
[22139222ms] [LOG] ECS - Config fetch complete @ https://content.powerapps.com/resource/webplayerbus/hashedresources/25q9tvvnh1hs3/js/es6.apphost-runtime.js:35
[22439305ms] [LOG] ECS - Config fetch complete @ https://content.powerapps.com/resource/webplayerbus/hashedresources/25q9tvvnh1hs3/js/es6.apphost-runtime.js:35
[22439754ms] [LOG] ECS - Config fetch complete @ https://content.powerapps.com/resource/webplayerbus/hashedresources/25q9tvvnh1hs3/js/es6.apphost-runtime.js:35
[22739530ms] [LOG] ECS - Config fetch complete @ https://content.powerapps.com/resource/webplayerbus/hashedresources/25q9tvvnh1hs3/js/es6.apphost-runtime.js:35
[22739984ms] [LOG] ECS - Config fetch complete @ https://content.powerapps.com/resource/webplayerbus/hashedresources/25q9tvvnh1hs3/js/es6.apphost-runtime.js:35
[23039857ms] [LOG] ECS - Config fetch complete @ https://content.powerapps.com/resource/webplayerbus/hashedresources/25q9tvvnh1hs3/js/es6.apphost-runtime.js:35
[23040394ms] [LOG] ECS - Config fetch complete @ https://content.powerapps.com/resource/webplayerbus/hashedresources/25q9tvvnh1hs3/js/es6.apphost-runtime.js:35
[23340188ms] [LOG] ECS - Config fetch complete @ https://content.powerapps.com/resource/webplayerbus/hashedresources/25q9tvvnh1hs3/js/es6.apphost-runtime.js:35
[23340624ms] [LOG] ECS - Config fetch complete @ https://content.powerapps.com/resource/webplayerbus/hashedresources/25q9tvvnh1hs3/js/es6.apphost-runtime.js:35
[23641229ms] [LOG] ECS - Config fetch complete @ https://content.powerapps.com/resource/webplayerbus/hashedresources/25q9tvvnh1hs3/js/es6.apphost-runtime.js:35
[23641398ms] [LOG] ECS - Config fetch complete @ https://content.powerapps.com/resource/webplayerbus/hashedresources/25q9tvvnh1hs3/js/es6.apphost-runtime.js:35
[23941839ms] [LOG] ECS - Config fetch complete @ https://content.powerapps.com/resource/webplayerbus/hashedresources/25q9tvvnh1hs3/js/es6.apphost-runtime.js:35
[23941992ms] [LOG] ECS - Config fetch complete @ https://content.powerapps.com/resource/webplayerbus/hashedresources/25q9tvvnh1hs3/js/es6.apphost-runtime.js:35
[24242238ms] [LOG] ECS - Config fetch complete @ https://content.powerapps.com/resource/webplayerbus/hashedresources/25q9tvvnh1hs3/js/es6.apphost-runtime.js:35
[24242403ms] [LOG] ECS - Config fetch complete @ https://content.powerapps.com/resource/webplayerbus/hashedresources/25q9tvvnh1hs3/js/es6.apphost-runtime.js:35
[24542553ms] [LOG] ECS - Config fetch complete @ https://content.powerapps.com/resource/webplayerbus/hashedresources/25q9tvvnh1hs3/js/es6.apphost-runtime.js:35
[24542711ms] [LOG] ECS - Config fetch complete @ https://content.powerapps.com/resource/webplayerbus/hashedresources/25q9tvvnh1hs3/js/es6.apphost-runtime.js:35
[24842687ms] [LOG] ECS - Config fetch complete @ https://content.powerapps.com/resource/webplayerbus/hashedresources/25q9tvvnh1hs3/js/es6.apphost-runtime.js:35
[24842838ms] [LOG] ECS - Config fetch complete @ https://content.powerapps.com/resource/webplayerbus/hashedresources/25q9tvvnh1hs3/js/es6.apphost-runtime.js:35
[25142929ms] [LOG] ECS - Config fetch complete @ https://content.powerapps.com/resource/webplayerbus/hashedresources/25q9tvvnh1hs3/js/es6.apphost-runtime.js:35
[25143161ms] [LOG] ECS - Config fetch complete @ https://content.powerapps.com/resource/webplayerbus/hashedresources/25q9tvvnh1hs3/js/es6.apphost-runtime.js:35
[25443071ms] [LOG] ECS - Config fetch complete @ https://content.powerapps.com/resource/webplayerbus/hashedresources/25q9tvvnh1hs3/js/es6.apphost-runtime.js:35
[25443502ms] [LOG] ECS - Config fetch complete @ https://content.powerapps.com/resource/webplayerbus/hashedresources/25q9tvvnh1hs3/js/es6.apphost-runtime.js:35
[25743456ms] [LOG] ECS - Config fetch complete @ https://content.powerapps.com/resource/webplayerbus/hashedresources/25q9tvvnh1hs3/js/es6.apphost-runtime.js:35
[25743746ms] [LOG] ECS - Config fetch complete @ https://content.powerapps.com/resource/webplayerbus/hashedresources/25q9tvvnh1hs3/js/es6.apphost-runtime.js:35
[26043883ms] [LOG] ECS - Config fetch complete @ https://content.powerapps.com/resource/webplayerbus/hashedresources/25q9tvvnh1hs3/js/es6.apphost-runtime.js:35
[26043932ms] [LOG] ECS - Config fetch complete @ https://content.powerapps.com/resource/webplayerbus/hashedresources/25q9tvvnh1hs3/js/es6.apphost-runtime.js:35
[26344150ms] [LOG] ECS - Config fetch complete @ https://content.powerapps.com/resource/webplayerbus/hashedresources/25q9tvvnh1hs3/js/es6.apphost-runtime.js:35
[26344303ms] [LOG] ECS - Config fetch complete @ https://content.powerapps.com/resource/webplayerbus/hashedresources/25q9tvvnh1hs3/js/es6.apphost-runtime.js:35
[26644401ms] [LOG] ECS - Config fetch complete @ https://content.powerapps.com/resource/webplayerbus/hashedresources/25q9tvvnh1hs3/js/es6.apphost-runtime.js:35
[26644495ms] [LOG] ECS - Config fetch complete @ https://content.powerapps.com/resource/webplayerbus/hashedresources/25q9tvvnh1hs3/js/es6.apphost-runtime.js:35
[26944619ms] [LOG] ECS - Config fetch complete @ https://content.powerapps.com/resource/webplayerbus/hashedresources/25q9tvvnh1hs3/js/es6.apphost-runtime.js:35
[26944754ms] [LOG] ECS - Config fetch complete @ https://content.powerapps.com/resource/webplayerbus/hashedresources/25q9tvvnh1hs3/js/es6.apphost-runtime.js:35
[27245138ms] [LOG] ECS - Config fetch complete @ https://content.powerapps.com/resource/webplayerbus/hashedresources/25q9tvvnh1hs3/js/es6.apphost-runtime.js:35
[27245205ms] [LOG] ECS - Config fetch complete @ https://content.powerapps.com/resource/webplayerbus/hashedresources/25q9tvvnh1hs3/js/es6.apphost-runtime.js:35
[27545432ms] [LOG] ECS - Config fetch complete @ https://content.powerapps.com/resource/webplayerbus/hashedresources/25q9tvvnh1hs3/js/es6.apphost-runtime.js:35
[27545610ms] [LOG] ECS - Config fetch complete @ https://content.powerapps.com/resource/webplayerbus/hashedresources/25q9tvvnh1hs3/js/es6.apphost-runtime.js:35
[27845751ms] [LOG] ECS - Config fetch complete @ https://content.powerapps.com/resource/webplayerbus/hashedresources/25q9tvvnh1hs3/js/es6.apphost-runtime.js:35
[27845831ms] [LOG] ECS - Config fetch complete @ https://content.powerapps.com/resource/webplayerbus/hashedresources/25q9tvvnh1hs3/js/es6.apphost-runtime.js:35
[28145996ms] [LOG] ECS - Config fetch complete @ https://content.powerapps.com/resource/webplayerbus/hashedresources/25q9tvvnh1hs3/js/es6.apphost-runtime.js:35
[28146157ms] [LOG] ECS - Config fetch complete @ https://content.powerapps.com/resource/webplayerbus/hashedresources/25q9tvvnh1hs3/js/es6.apphost-runtime.js:35
[28446222ms] [LOG] ECS - Config fetch complete @ https://content.powerapps.com/resource/webplayerbus/hashedresources/25q9tvvnh1hs3/js/es6.apphost-runtime.js:35
[28446513ms] [LOG] ECS - Config fetch complete @ https://content.powerapps.com/resource/webplayerbus/hashedresources/25q9tvvnh1hs3/js/es6.apphost-runtime.js:35
[28746528ms] [LOG] ECS - Config fetch complete @ https://content.powerapps.com/resource/webplayerbus/hashedresources/25q9tvvnh1hs3/js/es6.apphost-runtime.js:35
[28746880ms] [LOG] ECS - Config fetch complete @ https://content.powerapps.com/resource/webplayerbus/hashedresources/25q9tvvnh1hs3/js/es6.apphost-runtime.js:35
[29046991ms] [LOG] ECS - Config fetch complete @ https://content.powerapps.com/resource/webplayerbus/hashedresources/25q9tvvnh1hs3/js/es6.apphost-runtime.js:35
[29047122ms] [LOG] ECS - Config fetch complete @ https://content.powerapps.com/resource/webplayerbus/hashedresources/25q9tvvnh1hs3/js/es6.apphost-runtime.js:35
[29347170ms] [LOG] ECS - Config fetch complete @ https://content.powerapps.com/resource/webplayerbus/hashedresources/25q9tvvnh1hs3/js/es6.apphost-runtime.js:35
[29347352ms] [LOG] ECS - Config fetch complete @ https://content.powerapps.com/resource/webplayerbus/hashedresources/25q9tvvnh1hs3/js/es6.apphost-runtime.js:35
[29647498ms] [LOG] ECS - Config fetch complete @ https://content.powerapps.com/resource/webplayerbus/hashedresources/25q9tvvnh1hs3/js/es6.apphost-runtime.js:35
[29647776ms] [LOG] ECS - Config fetch complete @ https://content.powerapps.com/resource/webplayerbus/hashedresources/25q9tvvnh1hs3/js/es6.apphost-runtime.js:35
[29947932ms] [LOG] ECS - Config fetch complete @ https://content.powerapps.com/resource/webplayerbus/hashedresources/25q9tvvnh1hs3/js/es6.apphost-runtime.js:35
[29948082ms] [LOG] ECS - Config fetch complete @ https://content.powerapps.com/resource/webplayerbus/hashedresources/25q9tvvnh1hs3/js/es6.apphost-runtime.js:35
[30248341ms] [LOG] ECS - Config fetch complete @ https://content.powerapps.com/resource/webplayerbus/hashedresources/25q9tvvnh1hs3/js/es6.apphost-runtime.js:35
[30248492ms] [LOG] ECS - Config fetch complete @ https://content.powerapps.com/resource/webplayerbus/hashedresources/25q9tvvnh1hs3/js/es6.apphost-runtime.js:35
[30548607ms] [LOG] ECS - Config fetch complete @ https://content.powerapps.com/resource/webplayerbus/hashedresources/25q9tvvnh1hs3/js/es6.apphost-runtime.js:35
[30548845ms] [LOG] ECS - Config fetch complete @ https://content.powerapps.com/resource/webplayerbus/hashedresources/25q9tvvnh1hs3/js/es6.apphost-runtime.js:35
[30848827ms] [LOG] ECS - Config fetch complete @ https://content.powerapps.com/resource/webplayerbus/hashedresources/25q9tvvnh1hs3/js/es6.apphost-runtime.js:35
[30849096ms] [LOG] ECS - Config fetch complete @ https://content.powerapps.com/resource/webplayerbus/hashedresources/25q9tvvnh1hs3/js/es6.apphost-runtime.js:35
[31149220ms] [LOG] ECS - Config fetch complete @ https://content.powerapps.com/resource/webplayerbus/hashedresources/25q9tvvnh1hs3/js/es6.apphost-runtime.js:35
[31149319ms] [LOG] ECS - Config fetch complete @ https://content.powerapps.com/resource/webplayerbus/hashedresources/25q9tvvnh1hs3/js/es6.apphost-runtime.js:35
[31449359ms] [LOG] ECS - Config fetch complete @ https://content.powerapps.com/resource/webplayerbus/hashedresources/25q9tvvnh1hs3/js/es6.apphost-runtime.js:35
[31449566ms] [LOG] ECS - Config fetch complete @ https://content.powerapps.com/resource/webplayerbus/hashedresources/25q9tvvnh1hs3/js/es6.apphost-runtime.js:35
[31749750ms] [LOG] ECS - Config fetch complete @ https://content.powerapps.com/resource/webplayerbus/hashedresources/25q9tvvnh1hs3/js/es6.apphost-runtime.js:35
[31749825ms] [LOG] ECS - Config fetch complete @ https://content.powerapps.com/resource/webplayerbus/hashedresources/25q9tvvnh1hs3/js/es6.apphost-runtime.js:35
[32050131ms] [LOG] ECS - Config fetch complete @ https://content.powerapps.com/resource/webplayerbus/hashedresources/25q9tvvnh1hs3/js/es6.apphost-runtime.js:35
[32050245ms] [LOG] ECS - Config fetch complete @ https://content.powerapps.com/resource/webplayerbus/hashedresources/25q9tvvnh1hs3/js/es6.apphost-runtime.js:35
[32350526ms] [LOG] ECS - Config fetch complete @ https://content.powerapps.com/resource/webplayerbus/hashedresources/25q9tvvnh1hs3/js/es6.apphost-runtime.js:35
[32350783ms] [LOG] ECS - Config fetch complete @ https://content.powerapps.com/resource/webplayerbus/hashedresources/25q9tvvnh1hs3/js/es6.apphost-runtime.js:35
[32650951ms] [LOG] ECS - Config fetch complete @ https://content.powerapps.com/resource/webplayerbus/hashedresources/25q9tvvnh1hs3/js/es6.apphost-runtime.js:35
[32651248ms] [LOG] ECS - Config fetch complete @ https://content.powerapps.com/resource/webplayerbus/hashedresources/25q9tvvnh1hs3/js/es6.apphost-runtime.js:35
[32951385ms] [LOG] ECS - Config fetch complete @ https://content.powerapps.com/resource/webplayerbus/hashedresources/25q9tvvnh1hs3/js/es6.apphost-runtime.js:35
[32951482ms] [LOG] ECS - Config fetch complete @ https://content.powerapps.com/resource/webplayerbus/hashedresources/25q9tvvnh1hs3/js/es6.apphost-runtime.js:35
[33251812ms] [LOG] ECS - Config fetch complete @ https://content.powerapps.com/resource/webplayerbus/hashedresources/25q9tvvnh1hs3/js/es6.apphost-runtime.js:35
[33251893ms] [LOG] ECS - Config fetch complete @ https://content.powerapps.com/resource/webplayerbus/hashedresources/25q9tvvnh1hs3/js/es6.apphost-runtime.js:35
[33551995ms] [LOG] ECS - Config fetch complete @ https://content.powerapps.com/resource/webplayerbus/hashedresources/25q9tvvnh1hs3/js/es6.apphost-runtime.js:35
[33552203ms] [LOG] ECS - Config fetch complete @ https://content.powerapps.com/resource/webplayerbus/hashedresources/25q9tvvnh1hs3/js/es6.apphost-runtime.js:35
[33852181ms] [LOG] ECS - Config fetch complete @ https://content.powerapps.com/resource/webplayerbus/hashedresources/25q9tvvnh1hs3/js/es6.apphost-runtime.js:35
[33852442ms] [LOG] ECS - Config fetch complete @ https://content.powerapps.com/resource/webplayerbus/hashedresources/25q9tvvnh1hs3/js/es6.apphost-runtime.js:35
[34152421ms] [LOG] ECS - Config fetch complete @ https://content.powerapps.com/resource/webplayerbus/hashedresources/25q9tvvnh1hs3/js/es6.apphost-runtime.js:35
[34152844ms] [LOG] ECS - Config fetch complete @ https://content.powerapps.com/resource/webplayerbus/hashedresources/25q9tvvnh1hs3/js/es6.apphost-runtime.js:35
[34452865ms] [LOG] ECS - Config fetch complete @ https://content.powerapps.com/resource/webplayerbus/hashedresources/25q9tvvnh1hs3/js/es6.apphost-runtime.js:35
[34453170ms] [LOG] ECS - Config fetch complete @ https://content.powerapps.com/resource/webplayerbus/hashedresources/25q9tvvnh1hs3/js/es6.apphost-runtime.js:35
[34753083ms] [LOG] ECS - Config fetch complete @ https://content.powerapps.com/resource/webplayerbus/hashedresources/25q9tvvnh1hs3/js/es6.apphost-runtime.js:35
[34753499ms] [LOG] ECS - Config fetch complete @ https://content.powerapps.com/resource/webplayerbus/hashedresources/25q9tvvnh1hs3/js/es6.apphost-runtime.js:35
[35053399ms] [LOG] ECS - Config fetch complete @ https://content.powerapps.com/resource/webplayerbus/hashedresources/25q9tvvnh1hs3/js/es6.apphost-runtime.js:35
[35053641ms] [LOG] ECS - Config fetch complete @ https://content.powerapps.com/resource/webplayerbus/hashedresources/25q9tvvnh1hs3/js/es6.apphost-runtime.js:35
[35353536ms] [LOG] ECS - Config fetch complete @ https://content.powerapps.com/resource/webplayerbus/hashedresources/25q9tvvnh1hs3/js/es6.apphost-runtime.js:35
[35354047ms] [LOG] ECS - Config fetch complete @ https://content.powerapps.com/resource/webplayerbus/hashedresources/25q9tvvnh1hs3/js/es6.apphost-runtime.js:35
[35653865ms] [LOG] ECS - Config fetch complete @ https://content.powerapps.com/resource/webplayerbus/hashedresources/25q9tvvnh1hs3/js/es6.apphost-runtime.js:35
[35654356ms] [LOG] ECS - Config fetch complete @ https://content.powerapps.com/resource/webplayerbus/hashedresources/25q9tvvnh1hs3/js/es6.apphost-runtime.js:35
[35954012ms] [LOG] ECS - Config fetch complete @ https://content.powerapps.com/resource/webplayerbus/hashedresources/25q9tvvnh1hs3/js/es6.apphost-runtime.js:35
[35954786ms] [LOG] ECS - Config fetch complete @ https://content.powerapps.com/resource/webplayerbus/hashedresources/25q9tvvnh1hs3/js/es6.apphost-runtime.js:35
[36254169ms] [LOG] ECS - Config fetch complete @ https://content.powerapps.com/resource/webplayerbus/hashedresources/25q9tvvnh1hs3/js/es6.apphost-runtime.js:35
[36255115ms] [LOG] ECS - Config fetch complete @ https://content.powerapps.com/resource/webplayerbus/hashedresources/25q9tvvnh1hs3/js/es6.apphost-runtime.js:35
[36554387ms] [LOG] ECS - Config fetch complete @ https://content.powerapps.com/resource/webplayerbus/hashedresources/25q9tvvnh1hs3/js/es6.apphost-runtime.js:35
[36555355ms] [LOG] ECS - Config fetch complete @ https://content.powerapps.com/resource/webplayerbus/hashedresources/25q9tvvnh1hs3/js/es6.apphost-runtime.js:35
[36854845ms] [LOG] ECS - Config fetch complete @ https://content.powerapps.com/resource/webplayerbus/hashedresources/25q9tvvnh1hs3/js/es6.apphost-runtime.js:35
[36855676ms] [LOG] ECS - Config fetch complete @ https://content.powerapps.com/resource/webplayerbus/hashedresources/25q9tvvnh1hs3/js/es6.apphost-runtime.js:35
[37155160ms] [LOG] ECS - Config fetch complete @ https://content.powerapps.com/resource/webplayerbus/hashedresources/25q9tvvnh1hs3/js/es6.apphost-runtime.js:35
[37156023ms] [LOG] ECS - Config fetch complete @ https://content.powerapps.com/resource/webplayerbus/hashedresources/25q9tvvnh1hs3/js/es6.apphost-runtime.js:35
[37455492ms] [LOG] ECS - Config fetch complete @ https://content.powerapps.com/resource/webplayerbus/hashedresources/25q9tvvnh1hs3/js/es6.apphost-runtime.js:35
[37456157ms] [LOG] ECS - Config fetch complete @ https://content.powerapps.com/resource/webplayerbus/hashedresources/25q9tvvnh1hs3/js/es6.apphost-runtime.js:35
[37755680ms] [LOG] ECS - Config fetch complete @ https://content.powerapps.com/resource/webplayerbus/hashedresources/25q9tvvnh1hs3/js/es6.apphost-runtime.js:35
[37756433ms] [LOG] ECS - Config fetch complete @ https://content.powerapps.com/resource/webplayerbus/hashedresources/25q9tvvnh1hs3/js/es6.apphost-runtime.js:35
[38055860ms] [LOG] ECS - Config fetch complete @ https://content.powerapps.com/resource/webplayerbus/hashedresources/25q9tvvnh1hs3/js/es6.apphost-runtime.js:35
[38056641ms] [LOG] ECS - Config fetch complete @ https://content.powerapps.com/resource/webplayerbus/hashedresources/25q9tvvnh1hs3/js/es6.apphost-runtime.js:35
[38356197ms] [LOG] ECS - Config fetch complete @ https://content.powerapps.com/resource/webplayerbus/hashedresources/25q9tvvnh1hs3/js/es6.apphost-runtime.js:35
[38356976ms] [LOG] ECS - Config fetch complete @ https://content.powerapps.com/resource/webplayerbus/hashedresources/25q9tvvnh1hs3/js/es6.apphost-runtime.js:35
[38656442ms] [LOG] ECS - Config fetch complete @ https://content.powerapps.com/resource/webplayerbus/hashedresources/25q9tvvnh1hs3/js/es6.apphost-runtime.js:35
[38657208ms] [LOG] ECS - Config fetch complete @ https://content.powerapps.com/resource/webplayerbus/hashedresources/25q9tvvnh1hs3/js/es6.apphost-runtime.js:35
[38956828ms] [LOG] ECS - Config fetch complete @ https://content.powerapps.com/resource/webplayerbus/hashedresources/25q9tvvnh1hs3/js/es6.apphost-runtime.js:35
[38957378ms] [LOG] ECS - Config fetch complete @ https://content.powerapps.com/resource/webplayerbus/hashedresources/25q9tvvnh1hs3/js/es6.apphost-runtime.js:35
[39256982ms] [LOG] ECS - Config fetch complete @ https://content.powerapps.com/resource/webplayerbus/hashedresources/25q9tvvnh1hs3/js/es6.apphost-runtime.js:35
[39257622ms] [LOG] ECS - Config fetch complete @ https://content.powerapps.com/resource/webplayerbus/hashedresources/25q9tvvnh1hs3/js/es6.apphost-runtime.js:35
[39557202ms] [LOG] ECS - Config fetch complete @ https://content.powerapps.com/resource/webplayerbus/hashedresources/25q9tvvnh1hs3/js/es6.apphost-runtime.js:35
[39558063ms] [LOG] ECS - Config fetch complete @ https://content.powerapps.com/resource/webplayerbus/hashedresources/25q9tvvnh1hs3/js/es6.apphost-runtime.js:35
[39857542ms] [LOG] ECS - Config fetch complete @ https://content.powerapps.com/resource/webplayerbus/hashedresources/25q9tvvnh1hs3/js/es6.apphost-runtime.js:35
[39858449ms] [LOG] ECS - Config fetch complete @ https://content.powerapps.com/resource/webplayerbus/hashedresources/25q9tvvnh1hs3/js/es6.apphost-runtime.js:35
[40157911ms] [LOG] ECS - Config fetch complete @ https://content.powerapps.com/resource/webplayerbus/hashedresources/25q9tvvnh1hs3/js/es6.apphost-runtime.js:35
[40158965ms] [LOG] ECS - Config fetch complete @ https://content.powerapps.com/resource/webplayerbus/hashedresources/25q9tvvnh1hs3/js/es6.apphost-runtime.js:35
[40458068ms] [LOG] ECS - Config fetch complete @ https://content.powerapps.com/resource/webplayerbus/hashedresources/25q9tvvnh1hs3/js/es6.apphost-runtime.js:35
[40459240ms] [LOG] ECS - Config fetch complete @ https://content.powerapps.com/resource/webplayerbus/hashedresources/25q9tvvnh1hs3/js/es6.apphost-runtime.js:35
[40758466ms] [LOG] ECS - Config fetch complete @ https://content.powerapps.com/resource/webplayerbus/hashedresources/25q9tvvnh1hs3/js/es6.apphost-runtime.js:35
[40759504ms] [LOG] ECS - Config fetch complete @ https://content.powerapps.com/resource/webplayerbus/hashedresources/25q9tvvnh1hs3/js/es6.apphost-runtime.js:35
[41058833ms] [LOG] ECS - Config fetch complete @ https://content.powerapps.com/resource/webplayerbus/hashedresources/25q9tvvnh1hs3/js/es6.apphost-runtime.js:35
[41059841ms] [LOG] ECS - Config fetch complete @ https://content.powerapps.com/resource/webplayerbus/hashedresources/25q9tvvnh1hs3/js/es6.apphost-runtime.js:35
[41359464ms] [LOG] ECS - Config fetch complete @ https://content.powerapps.com/resource/webplayerbus/hashedresources/25q9tvvnh1hs3/js/es6.apphost-runtime.js:35
[41360266ms] [LOG] ECS - Config fetch complete @ https://content.powerapps.com/resource/webplayerbus/hashedresources/25q9tvvnh1hs3/js/es6.apphost-runtime.js:35
[41659729ms] [LOG] ECS - Config fetch complete @ https://content.powerapps.com/resource/webplayerbus/hashedresources/25q9tvvnh1hs3/js/es6.apphost-runtime.js:35
[41660536ms] [LOG] ECS - Config fetch complete @ https://content.powerapps.com/resource/webplayerbus/hashedresources/25q9tvvnh1hs3/js/es6.apphost-runtime.js:35
[41959994ms] [LOG] ECS - Config fetch complete @ https://content.powerapps.com/resource/webplayerbus/hashedresources/25q9tvvnh1hs3/js/es6.apphost-runtime.js:35
[41960712ms] [LOG] ECS - Config fetch complete @ https://content.powerapps.com/resource/webplayerbus/hashedresources/25q9tvvnh1hs3/js/es6.apphost-runtime.js:35
[42260340ms] [LOG] ECS - Config fetch complete @ https://content.powerapps.com/resource/webplayerbus/hashedresources/25q9tvvnh1hs3/js/es6.apphost-runtime.js:35
[42261021ms] [LOG] ECS - Config fetch complete @ https://content.powerapps.com/resource/webplayerbus/hashedresources/25q9tvvnh1hs3/js/es6.apphost-runtime.js:35
[42560652ms] [LOG] ECS - Config fetch complete @ https://content.powerapps.com/resource/webplayerbus/hashedresources/25q9tvvnh1hs3/js/es6.apphost-runtime.js:35
[42561243ms] [LOG] ECS - Config fetch complete @ https://content.powerapps.com/resource/webplayerbus/hashedresources/25q9tvvnh1hs3/js/es6.apphost-runtime.js:35
[42860911ms] [LOG] ECS - Config fetch complete @ https://content.powerapps.com/resource/webplayerbus/hashedresources/25q9tvvnh1hs3/js/es6.apphost-runtime.js:35
[42861661ms] [LOG] ECS - Config fetch complete @ https://content.powerapps.com/resource/webplayerbus/hashedresources/25q9tvvnh1hs3/js/es6.apphost-runtime.js:35
[43161286ms] [LOG] ECS - Config fetch complete @ https://content.powerapps.com/resource/webplayerbus/hashedresources/25q9tvvnh1hs3/js/es6.apphost-runtime.js:35
[43162112ms] [LOG] ECS - Config fetch complete @ https://content.powerapps.com/resource/webplayerbus/hashedresources/25q9tvvnh1hs3/js/es6.apphost-runtime.js:35
[43461557ms] [LOG] ECS - Config fetch complete @ https://content.powerapps.com/resource/webplayerbus/hashedresources/25q9tvvnh1hs3/js/es6.apphost-runtime.js:35
[43462347ms] [LOG] ECS - Config fetch complete @ https://content.powerapps.com/resource/webplayerbus/hashedresources/25q9tvvnh1hs3/js/es6.apphost-runtime.js:35
[43761863ms] [LOG] ECS - Config fetch complete @ https://content.powerapps.com/resource/webplayerbus/hashedresources/25q9tvvnh1hs3/js/es6.apphost-runtime.js:35
[43762929ms] [LOG] ECS - Config fetch complete @ https://content.powerapps.com/resource/webplayerbus/hashedresources/25q9tvvnh1hs3/js/es6.apphost-runtime.js:35
[44062092ms] [LOG] ECS - Config fetch complete @ https://content.powerapps.com/resource/webplayerbus/hashedresources/25q9tvvnh1hs3/js/es6.apphost-runtime.js:35
[44063258ms] [LOG] ECS - Config fetch complete @ https://content.powerapps.com/resource/webplayerbus/hashedresources/25q9tvvnh1hs3/js/es6.apphost-runtime.js:35
[44362386ms] [LOG] ECS - Config fetch complete @ https://content.powerapps.com/resource/webplayerbus/hashedresources/25q9tvvnh1hs3/js/es6.apphost-runtime.js:35
[44363517ms] [LOG] ECS - Config fetch complete @ https://content.powerapps.com/resource/webplayerbus/hashedresources/25q9tvvnh1hs3/js/es6.apphost-runtime.js:35
[44662798ms] [LOG] ECS - Config fetch complete @ https://content.powerapps.com/resource/webplayerbus/hashedresources/25q9tvvnh1hs3/js/es6.apphost-runtime.js:35
[44663757ms] [LOG] ECS - Config fetch complete @ https://content.powerapps.com/resource/webplayerbus/hashedresources/25q9tvvnh1hs3/js/es6.apphost-runtime.js:35
[44962919ms] [LOG] ECS - Config fetch complete @ https://content.powerapps.com/resource/webplayerbus/hashedresources/25q9tvvnh1hs3/js/es6.apphost-runtime.js:35
[44963902ms] [LOG] ECS - Config fetch complete @ https://content.powerapps.com/resource/webplayerbus/hashedresources/25q9tvvnh1hs3/js/es6.apphost-runtime.js:35
[45263160ms] [LOG] ECS - Config fetch complete @ https://content.powerapps.com/resource/webplayerbus/hashedresources/25q9tvvnh1hs3/js/es6.apphost-runtime.js:35
[45264051ms] [LOG] ECS - Config fetch complete @ https://content.powerapps.com/resource/webplayerbus/hashedresources/25q9tvvnh1hs3/js/es6.apphost-runtime.js:35
[45563485ms] [LOG] ECS - Config fetch complete @ https://content.powerapps.com/resource/webplayerbus/hashedresources/25q9tvvnh1hs3/js/es6.apphost-runtime.js:35
[45564439ms] [LOG] ECS - Config fetch complete @ https://content.powerapps.com/resource/webplayerbus/hashedresources/25q9tvvnh1hs3/js/es6.apphost-runtime.js:35
[45863817ms] [LOG] ECS - Config fetch complete @ https://content.powerapps.com/resource/webplayerbus/hashedresources/25q9tvvnh1hs3/js/es6.apphost-runtime.js:35
[45864769ms] [LOG] ECS - Config fetch complete @ https://content.powerapps.com/resource/webplayerbus/hashedresources/25q9tvvnh1hs3/js/es6.apphost-runtime.js:35
[46164102ms] [LOG] ECS - Config fetch complete @ https://content.powerapps.com/resource/webplayerbus/hashedresources/25q9tvvnh1hs3/js/es6.apphost-runtime.js:35
[46165097ms] [LOG] ECS - Config fetch complete @ https://content.powerapps.com/resource/webplayerbus/hashedresources/25q9tvvnh1hs3/js/es6.apphost-runtime.js:35
[46464426ms] [LOG] ECS - Config fetch complete @ https://content.powerapps.com/resource/webplayerbus/hashedresources/25q9tvvnh1hs3/js/es6.apphost-runtime.js:35
[46465461ms] [LOG] ECS - Config fetch complete @ https://content.powerapps.com/resource/webplayerbus/hashedresources/25q9tvvnh1hs3/js/es6.apphost-runtime.js:35
[46764845ms] [LOG] ECS - Config fetch complete @ https://content.powerapps.com/resource/webplayerbus/hashedresources/25q9tvvnh1hs3/js/es6.apphost-runtime.js:35
[46765790ms] [LOG] ECS - Config fetch complete @ https://content.powerapps.com/resource/webplayerbus/hashedresources/25q9tvvnh1hs3/js/es6.apphost-runtime.js:35
[47065233ms] [LOG] ECS - Config fetch complete @ https://content.powerapps.com/resource/webplayerbus/hashedresources/25q9tvvnh1hs3/js/es6.apphost-runtime.js:35
[47066105ms] [LOG] ECS - Config fetch complete @ https://content.powerapps.com/resource/webplayerbus/hashedresources/25q9tvvnh1hs3/js/es6.apphost-runtime.js:35
[47365536ms] [LOG] ECS - Config fetch complete @ https://content.powerapps.com/resource/webplayerbus/hashedresources/25q9tvvnh1hs3/js/es6.apphost-runtime.js:35
[47366389ms] [LOG] ECS - Config fetch complete @ https://content.powerapps.com/resource/webplayerbus/hashedresources/25q9tvvnh1hs3/js/es6.apphost-runtime.js:35
[47665693ms] [LOG] ECS - Config fetch complete @ https://content.powerapps.com/resource/webplayerbus/hashedresources/25q9tvvnh1hs3/js/es6.apphost-runtime.js:35
[47666764ms] [LOG] ECS - Config fetch complete @ https://content.powerapps.com/resource/webplayerbus/hashedresources/25q9tvvnh1hs3/js/es6.apphost-runtime.js:35
[47965910ms] [LOG] ECS - Config fetch complete @ https://content.powerapps.com/resource/webplayerbus/hashedresources/25q9tvvnh1hs3/js/es6.apphost-runtime.js:35
[47967104ms] [LOG] ECS - Config fetch complete @ https://content.powerapps.com/resource/webplayerbus/hashedresources/25q9tvvnh1hs3/js/es6.apphost-runtime.js:35
[48266170ms] [LOG] ECS - Config fetch complete @ https://content.powerapps.com/resource/webplayerbus/hashedresources/25q9tvvnh1hs3/js/es6.apphost-runtime.js:35
[48267340ms] [LOG] ECS - Config fetch complete @ https://content.powerapps.com/resource/webplayerbus/hashedresources/25q9tvvnh1hs3/js/es6.apphost-runtime.js:35
[48566502ms] [LOG] ECS - Config fetch complete @ https://content.powerapps.com/resource/webplayerbus/hashedresources/25q9tvvnh1hs3/js/es6.apphost-runtime.js:35
[48567675ms] [LOG] ECS - Config fetch complete @ https://content.powerapps.com/resource/webplayerbus/hashedresources/25q9tvvnh1hs3/js/es6.apphost-runtime.js:35
[48866624ms] [LOG] ECS - Config fetch complete @ https://content.powerapps.com/resource/webplayerbus/hashedresources/25q9tvvnh1hs3/js/es6.apphost-runtime.js:35
[48868076ms] [LOG] ECS - Config fetch complete @ https://content.powerapps.com/resource/webplayerbus/hashedresources/25q9tvvnh1hs3/js/es6.apphost-runtime.js:35
[49167064ms] [LOG] ECS - Config fetch complete @ https://content.powerapps.com/resource/webplayerbus/hashedresources/25q9tvvnh1hs3/js/es6.apphost-runtime.js:35
[49168356ms] [LOG] ECS - Config fetch complete @ https://content.powerapps.com/resource/webplayerbus/hashedresources/25q9tvvnh1hs3/js/es6.apphost-runtime.js:35
[49467474ms] [LOG] ECS - Config fetch complete @ https://content.powerapps.com/resource/webplayerbus/hashedresources/25q9tvvnh1hs3/js/es6.apphost-runtime.js:35
[49468699ms] [LOG] ECS - Config fetch complete @ https://content.powerapps.com/resource/webplayerbus/hashedresources/25q9tvvnh1hs3/js/es6.apphost-runtime.js:35
[49767741ms] [LOG] ECS - Config fetch complete @ https://content.powerapps.com/resource/webplayerbus/hashedresources/25q9tvvnh1hs3/js/es6.apphost-runtime.js:35
[49769001ms] [LOG] ECS - Config fetch complete @ https://content.powerapps.com/resource/webplayerbus/hashedresources/25q9tvvnh1hs3/js/es6.apphost-runtime.js:35
[50068034ms] [LOG] ECS - Config fetch complete @ https://content.powerapps.com/resource/webplayerbus/hashedresources/25q9tvvnh1hs3/js/es6.apphost-runtime.js:35
[50069348ms] [LOG] ECS - Config fetch complete @ https://content.powerapps.com/resource/webplayerbus/hashedresources/25q9tvvnh1hs3/js/es6.apphost-runtime.js:35
[50368229ms] [LOG] ECS - Config fetch complete @ https://content.powerapps.com/resource/webplayerbus/hashedresources/25q9tvvnh1hs3/js/es6.apphost-runtime.js:35
[50369723ms] [LOG] ECS - Config fetch complete @ https://content.powerapps.com/resource/webplayerbus/hashedresources/25q9tvvnh1hs3/js/es6.apphost-runtime.js:35
[50668475ms] [LOG] ECS - Config fetch complete @ https://content.powerapps.com/resource/webplayerbus/hashedresources/25q9tvvnh1hs3/js/es6.apphost-runtime.js:35
[50669948ms] [LOG] ECS - Config fetch complete @ https://content.powerapps.com/resource/webplayerbus/hashedresources/25q9tvvnh1hs3/js/es6.apphost-runtime.js:35
[50968854ms] [LOG] ECS - Config fetch complete @ https://content.powerapps.com/resource/webplayerbus/hashedresources/25q9tvvnh1hs3/js/es6.apphost-runtime.js:35
[50970196ms] [LOG] ECS - Config fetch complete @ https://content.powerapps.com/resource/webplayerbus/hashedresources/25q9tvvnh1hs3/js/es6.apphost-runtime.js:35
[51269172ms] [LOG] ECS - Config fetch complete @ https://content.powerapps.com/resource/webplayerbus/hashedresources/25q9tvvnh1hs3/js/es6.apphost-runtime.js:35
[51270692ms] [LOG] ECS - Config fetch complete @ https://content.powerapps.com/resource/webplayerbus/hashedresources/25q9tvvnh1hs3/js/es6.apphost-runtime.js:35
[51569507ms] [LOG] ECS - Config fetch complete @ https://content.powerapps.com/resource/webplayerbus/hashedresources/25q9tvvnh1hs3/js/es6.apphost-runtime.js:35
[51571087ms] [LOG] ECS - Config fetch complete @ https://content.powerapps.com/resource/webplayerbus/hashedresources/25q9tvvnh1hs3/js/es6.apphost-runtime.js:35
[51869918ms] [LOG] ECS - Config fetch complete @ https://content.powerapps.com/resource/webplayerbus/hashedresources/25q9tvvnh1hs3/js/es6.apphost-runtime.js:35
[51871588ms] [LOG] ECS - Config fetch complete @ https://content.powerapps.com/resource/webplayerbus/hashedresources/25q9tvvnh1hs3/js/es6.apphost-runtime.js:35
[52170170ms] [LOG] ECS - Config fetch complete @ https://content.powerapps.com/resource/webplayerbus/hashedresources/25q9tvvnh1hs3/js/es6.apphost-runtime.js:35
[52171824ms] [LOG] ECS - Config fetch complete @ https://content.powerapps.com/resource/webplayerbus/hashedresources/25q9tvvnh1hs3/js/es6.apphost-runtime.js:35
[52470389ms] [LOG] ECS - Config fetch complete @ https://content.powerapps.com/resource/webplayerbus/hashedresources/25q9tvvnh1hs3/js/es6.apphost-runtime.js:35
[52471952ms] [LOG] ECS - Config fetch complete @ https://content.powerapps.com/resource/webplayerbus/hashedresources/25q9tvvnh1hs3/js/es6.apphost-runtime.js:35
[52770825ms] [LOG] ECS - Config fetch complete @ https://content.powerapps.com/resource/webplayerbus/hashedresources/25q9tvvnh1hs3/js/es6.apphost-runtime.js:35
[52772282ms] [LOG] ECS - Config fetch complete @ https://content.powerapps.com/resource/webplayerbus/hashedresources/25q9tvvnh1hs3/js/es6.apphost-runtime.js:35
[53071059ms] [LOG] ECS - Config fetch complete @ https://content.powerapps.com/resource/webplayerbus/hashedresources/25q9tvvnh1hs3/js/es6.apphost-runtime.js:35
[53072635ms] [LOG] ECS - Config fetch complete @ https://content.powerapps.com/resource/webplayerbus/hashedresources/25q9tvvnh1hs3/js/es6.apphost-runtime.js:35
[53371198ms] [LOG] ECS - Config fetch complete @ https://content.powerapps.com/resource/webplayerbus/hashedresources/25q9tvvnh1hs3/js/es6.apphost-runtime.js:35
[53372888ms] [LOG] ECS - Config fetch complete @ https://content.powerapps.com/resource/webplayerbus/hashedresources/25q9tvvnh1hs3/js/es6.apphost-runtime.js:35
[53671411ms] [LOG] ECS - Config fetch complete @ https://content.powerapps.com/resource/webplayerbus/hashedresources/25q9tvvnh1hs3/js/es6.apphost-runtime.js:35
[53673224ms] [LOG] ECS - Config fetch complete @ https://content.powerapps.com/resource/webplayerbus/hashedresources/25q9tvvnh1hs3/js/es6.apphost-runtime.js:35
[53971827ms] [LOG] ECS - Config fetch complete @ https://content.powerapps.com/resource/webplayerbus/hashedresources/25q9tvvnh1hs3/js/es6.apphost-runtime.js:35
[53973565ms] [LOG] ECS - Config fetch complete @ https://content.powerapps.com/resource/webplayerbus/hashedresources/25q9tvvnh1hs3/js/es6.apphost-runtime.js:35
[54272251ms] [LOG] ECS - Config fetch complete @ https://content.powerapps.com/resource/webplayerbus/hashedresources/25q9tvvnh1hs3/js/es6.apphost-runtime.js:35
[54273755ms] [LOG] ECS - Config fetch complete @ https://content.powerapps.com/resource/webplayerbus/hashedresources/25q9tvvnh1hs3/js/es6.apphost-runtime.js:35
[54572467ms] [LOG] ECS - Config fetch complete @ https://content.powerapps.com/resource/webplayerbus/hashedresources/25q9tvvnh1hs3/js/es6.apphost-runtime.js:35
[54574060ms] [LOG] ECS - Config fetch complete @ https://content.powerapps.com/resource/webplayerbus/hashedresources/25q9tvvnh1hs3/js/es6.apphost-runtime.js:35
[54872655ms] [LOG] ECS - Config fetch complete @ https://content.powerapps.com/resource/webplayerbus/hashedresources/25q9tvvnh1hs3/js/es6.apphost-runtime.js:35
[54874183ms] [LOG] ECS - Config fetch complete @ https://content.powerapps.com/resource/webplayerbus/hashedresources/25q9tvvnh1hs3/js/es6.apphost-runtime.js:35
[55172901ms] [LOG] ECS - Config fetch complete @ https://content.powerapps.com/resource/webplayerbus/hashedresources/25q9tvvnh1hs3/js/es6.apphost-runtime.js:35
[55174436ms] [LOG] ECS - Config fetch complete @ https://content.powerapps.com/resource/webplayerbus/hashedresources/25q9tvvnh1hs3/js/es6.apphost-runtime.js:35
[55473346ms] [LOG] ECS - Config fetch complete @ https://content.powerapps.com/resource/webplayerbus/hashedresources/25q9tvvnh1hs3/js/es6.apphost-runtime.js:35
[55474656ms] [LOG] ECS - Config fetch complete @ https://content.powerapps.com/resource/webplayerbus/hashedresources/25q9tvvnh1hs3/js/es6.apphost-runtime.js:35
[55773634ms] [LOG] ECS - Config fetch complete @ https://content.powerapps.com/resource/webplayerbus/hashedresources/25q9tvvnh1hs3/js/es6.apphost-runtime.js:35
[55774944ms] [LOG] ECS - Config fetch complete @ https://content.powerapps.com/resource/webplayerbus/hashedresources/25q9tvvnh1hs3/js/es6.apphost-runtime.js:35
[56074161ms] [LOG] ECS - Config fetch complete @ https://content.powerapps.com/resource/webplayerbus/hashedresources/25q9tvvnh1hs3/js/es6.apphost-runtime.js:35
[56075200ms] [LOG] ECS - Config fetch complete @ https://content.powerapps.com/resource/webplayerbus/hashedresources/25q9tvvnh1hs3/js/es6.apphost-runtime.js:35
[56374374ms] [LOG] ECS - Config fetch complete @ https://content.powerapps.com/resource/webplayerbus/hashedresources/25q9tvvnh1hs3/js/es6.apphost-runtime.js:35
[56375546ms] [LOG] ECS - Config fetch complete @ https://content.powerapps.com/resource/webplayerbus/hashedresources/25q9tvvnh1hs3/js/es6.apphost-runtime.js:35
[56674683ms] [LOG] ECS - Config fetch complete @ https://content.powerapps.com/resource/webplayerbus/hashedresources/25q9tvvnh1hs3/js/es6.apphost-runtime.js:35
[56675949ms] [LOG] ECS - Config fetch complete @ https://content.powerapps.com/resource/webplayerbus/hashedresources/25q9tvvnh1hs3/js/es6.apphost-runtime.js:35
[56974928ms] [LOG] ECS - Config fetch complete @ https://content.powerapps.com/resource/webplayerbus/hashedresources/25q9tvvnh1hs3/js/es6.apphost-runtime.js:35
[56976378ms] [LOG] ECS - Config fetch complete @ https://content.powerapps.com/resource/webplayerbus/hashedresources/25q9tvvnh1hs3/js/es6.apphost-runtime.js:35
[57275089ms] [LOG] ECS - Config fetch complete @ https://content.powerapps.com/resource/webplayerbus/hashedresources/25q9tvvnh1hs3/js/es6.apphost-runtime.js:35
[57276496ms] [LOG] ECS - Config fetch complete @ https://content.powerapps.com/resource/webplayerbus/hashedresources/25q9tvvnh1hs3/js/es6.apphost-runtime.js:35
[57575376ms] [LOG] ECS - Config fetch complete @ https://content.powerapps.com/resource/webplayerbus/hashedresources/25q9tvvnh1hs3/js/es6.apphost-runtime.js:35
[57576757ms] [LOG] ECS - Config fetch complete @ https://content.powerapps.com/resource/webplayerbus/hashedresources/25q9tvvnh1hs3/js/es6.apphost-runtime.js:35
[57875944ms] [LOG] ECS - Config fetch complete @ https://content.powerapps.com/resource/webplayerbus/hashedresources/25q9tvvnh1hs3/js/es6.apphost-runtime.js:35
[57876984ms] [LOG] ECS - Config fetch complete @ https://content.powerapps.com/resource/webplayerbus/hashedresources/25q9tvvnh1hs3/js/es6.apphost-runtime.js:35
[58176212ms] [LOG] ECS - Config fetch complete @ https://content.powerapps.com/resource/webplayerbus/hashedresources/25q9tvvnh1hs3/js/es6.apphost-runtime.js:35
[58177194ms] [LOG] ECS - Config fetch complete @ https://content.powerapps.com/resource/webplayerbus/hashedresources/25q9tvvnh1hs3/js/es6.apphost-runtime.js:35
[58476614ms] [LOG] ECS - Config fetch complete @ https://content.powerapps.com/resource/webplayerbus/hashedresources/25q9tvvnh1hs3/js/es6.apphost-runtime.js:35
[58477690ms] [LOG] ECS - Config fetch complete @ https://content.powerapps.com/resource/webplayerbus/hashedresources/25q9tvvnh1hs3/js/es6.apphost-runtime.js:35
[58777003ms] [LOG] ECS - Config fetch complete @ https://content.powerapps.com/resource/webplayerbus/hashedresources/25q9tvvnh1hs3/js/es6.apphost-runtime.js:35
[58778075ms] [LOG] ECS - Config fetch complete @ https://content.powerapps.com/resource/webplayerbus/hashedresources/25q9tvvnh1hs3/js/es6.apphost-runtime.js:35
[59077307ms] [LOG] ECS - Config fetch complete @ https://content.powerapps.com/resource/webplayerbus/hashedresources/25q9tvvnh1hs3/js/es6.apphost-runtime.js:35
[59078379ms] [LOG] ECS - Config fetch complete @ https://content.powerapps.com/resource/webplayerbus/hashedresources/25q9tvvnh1hs3/js/es6.apphost-runtime.js:35
[59377482ms] [LOG] ECS - Config fetch complete @ https://content.powerapps.com/resource/webplayerbus/hashedresources/25q9tvvnh1hs3/js/es6.apphost-runtime.js:35
[59378652ms] [LOG] ECS - Config fetch complete @ https://content.powerapps.com/resource/webplayerbus/hashedresources/25q9tvvnh1hs3/js/es6.apphost-runtime.js:35
[59677791ms] [LOG] ECS - Config fetch complete @ https://content.powerapps.com/resource/webplayerbus/hashedresources/25q9tvvnh1hs3/js/es6.apphost-runtime.js:35
[59678824ms] [LOG] ECS - Config fetch complete @ https://content.powerapps.com/resource/webplayerbus/hashedresources/25q9tvvnh1hs3/js/es6.apphost-runtime.js:35
[59978218ms] [LOG] ECS - Config fetch complete @ https://content.powerapps.com/resource/webplayerbus/hashedresources/25q9tvvnh1hs3/js/es6.apphost-runtime.js:35
[59979032ms] [LOG] ECS - Config fetch complete @ https://content.powerapps.com/resource/webplayerbus/hashedresources/25q9tvvnh1hs3/js/es6.apphost-runtime.js:35
[60278677ms] [LOG] ECS - Config fetch complete @ https://content.powerapps.com/resource/webplayerbus/hashedresources/25q9tvvnh1hs3/js/es6.apphost-runtime.js:35
[60279273ms] [LOG] ECS - Config fetch complete @ https://content.powerapps.com/resource/webplayerbus/hashedresources/25q9tvvnh1hs3/js/es6.apphost-runtime.js:35
[60578957ms] [LOG] ECS - Config fetch complete @ https://content.powerapps.com/resource/webplayerbus/hashedresources/25q9tvvnh1hs3/js/es6.apphost-runtime.js:35
[60579567ms] [LOG] ECS - Config fetch complete @ https://content.powerapps.com/resource/webplayerbus/hashedresources/25q9tvvnh1hs3/js/es6.apphost-runtime.js:35
[60879271ms] [LOG] ECS - Config fetch complete @ https://content.powerapps.com/resource/webplayerbus/hashedresources/25q9tvvnh1hs3/js/es6.apphost-runtime.js:35
[60879814ms] [LOG] ECS - Config fetch complete @ https://content.powerapps.com/resource/webplayerbus/hashedresources/25q9tvvnh1hs3/js/es6.apphost-runtime.js:35
[61179590ms] [LOG] ECS - Config fetch complete @ https://content.powerapps.com/resource/webplayerbus/hashedresources/25q9tvvnh1hs3/js/es6.apphost-runtime.js:35
[61180121ms] [LOG] ECS - Config fetch complete @ https://content.powerapps.com/resource/webplayerbus/hashedresources/25q9tvvnh1hs3/js/es6.apphost-runtime.js:35
[61479917ms] [LOG] ECS - Config fetch complete @ https://content.powerapps.com/resource/webplayerbus/hashedresources/25q9tvvnh1hs3/js/es6.apphost-runtime.js:35
[61480305ms] [LOG] ECS - Config fetch complete @ https://content.powerapps.com/resource/webplayerbus/hashedresources/25q9tvvnh1hs3/js/es6.apphost-runtime.js:35
[61780347ms] [LOG] ECS - Config fetch complete @ https://content.powerapps.com/resource/webplayerbus/hashedresources/25q9tvvnh1hs3/js/es6.apphost-runtime.js:35
[61780550ms] [LOG] ECS - Config fetch complete @ https://content.powerapps.com/resource/webplayerbus/hashedresources/25q9tvvnh1hs3/js/es6.apphost-runtime.js:35
[62080564ms] [LOG] ECS - Config fetch complete @ https://content.powerapps.com/resource/webplayerbus/hashedresources/25q9tvvnh1hs3/js/es6.apphost-runtime.js:35
[62080799ms] [LOG] ECS - Config fetch complete @ https://content.powerapps.com/resource/webplayerbus/hashedresources/25q9tvvnh1hs3/js/es6.apphost-runtime.js:35
[62380801ms] [LOG] ECS - Config fetch complete @ https://content.powerapps.com/resource/webplayerbus/hashedresources/25q9tvvnh1hs3/js/es6.apphost-runtime.js:35
[62380940ms] [LOG] ECS - Config fetch complete @ https://content.powerapps.com/resource/webplayerbus/hashedresources/25q9tvvnh1hs3/js/es6.apphost-runtime.js:35
[62681152ms] [LOG] ECS - Config fetch complete @ https://content.powerapps.com/resource/webplayerbus/hashedresources/25q9tvvnh1hs3/js/es6.apphost-runtime.js:35
[62681225ms] [LOG] ECS - Config fetch complete @ https://content.powerapps.com/resource/webplayerbus/hashedresources/25q9tvvnh1hs3/js/es6.apphost-runtime.js:35
[62981456ms] [LOG] ECS - Config fetch complete @ https://content.powerapps.com/resource/webplayerbus/hashedresources/25q9tvvnh1hs3/js/es6.apphost-runtime.js:35
[62981830ms] [LOG] ECS - Config fetch complete @ https://content.powerapps.com/resource/webplayerbus/hashedresources/25q9tvvnh1hs3/js/es6.apphost-runtime.js:35
[63281742ms] [LOG] ECS - Config fetch complete @ https://content.powerapps.com/resource/webplayerbus/hashedresources/25q9tvvnh1hs3/js/es6.apphost-runtime.js:35
[63282208ms] [LOG] ECS - Config fetch complete @ https://content.powerapps.com/resource/webplayerbus/hashedresources/25q9tvvnh1hs3/js/es6.apphost-runtime.js:35
[63581983ms] [LOG] ECS - Config fetch complete @ https://content.powerapps.com/resource/webplayerbus/hashedresources/25q9tvvnh1hs3/js/es6.apphost-runtime.js:35
[63582454ms] [LOG] ECS - Config fetch complete @ https://content.powerapps.com/resource/webplayerbus/hashedresources/25q9tvvnh1hs3/js/es6.apphost-runtime.js:35
[63882270ms] [LOG] ECS - Config fetch complete @ https://content.powerapps.com/resource/webplayerbus/hashedresources/25q9tvvnh1hs3/js/es6.apphost-runtime.js:35
[63882695ms] [LOG] ECS - Config fetch complete @ https://content.powerapps.com/resource/webplayerbus/hashedresources/25q9tvvnh1hs3/js/es6.apphost-runtime.js:35
[64182611ms] [LOG] ECS - Config fetch complete @ https://content.powerapps.com/resource/webplayerbus/hashedresources/25q9tvvnh1hs3/js/es6.apphost-runtime.js:35
[64183068ms] [LOG] ECS - Config fetch complete @ https://content.powerapps.com/resource/webplayerbus/hashedresources/25q9tvvnh1hs3/js/es6.apphost-runtime.js:35
[64482738ms] [LOG] ECS - Config fetch complete @ https://content.powerapps.com/resource/webplayerbus/hashedresources/25q9tvvnh1hs3/js/es6.apphost-runtime.js:35
[64483297ms] [LOG] ECS - Config fetch complete @ https://content.powerapps.com/resource/webplayerbus/hashedresources/25q9tvvnh1hs3/js/es6.apphost-runtime.js:35
[64782998ms] [LOG] ECS - Config fetch complete @ https://content.powerapps.com/resource/webplayerbus/hashedresources/25q9tvvnh1hs3/js/es6.apphost-runtime.js:35
[64783436ms] [LOG] ECS - Config fetch complete @ https://content.powerapps.com/resource/webplayerbus/hashedresources/25q9tvvnh1hs3/js/es6.apphost-runtime.js:35
[65083250ms] [LOG] ECS - Config fetch complete @ https://content.powerapps.com/resource/webplayerbus/hashedresources/25q9tvvnh1hs3/js/es6.apphost-runtime.js:35
[65083782ms] [LOG] ECS - Config fetch complete @ https://content.powerapps.com/resource/webplayerbus/hashedresources/25q9tvvnh1hs3/js/es6.apphost-runtime.js:35
[65383484ms] [LOG] ECS - Config fetch complete @ https://content.powerapps.com/resource/webplayerbus/hashedresources/25q9tvvnh1hs3/js/es6.apphost-runtime.js:35
[65384075ms] [LOG] ECS - Config fetch complete @ https://content.powerapps.com/resource/webplayerbus/hashedresources/25q9tvvnh1hs3/js/es6.apphost-runtime.js:35
[65683801ms] [LOG] ECS - Config fetch complete @ https://content.powerapps.com/resource/webplayerbus/hashedresources/25q9tvvnh1hs3/js/es6.apphost-runtime.js:35
[65684314ms] [LOG] ECS - Config fetch complete @ https://content.powerapps.com/resource/webplayerbus/hashedresources/25q9tvvnh1hs3/js/es6.apphost-runtime.js:35
[65984229ms] [LOG] ECS - Config fetch complete @ https://content.powerapps.com/resource/webplayerbus/hashedresources/25q9tvvnh1hs3/js/es6.apphost-runtime.js:35
[65984616ms] [LOG] ECS - Config fetch complete @ https://content.powerapps.com/resource/webplayerbus/hashedresources/25q9tvvnh1hs3/js/es6.apphost-runtime.js:35
[66284577ms] [LOG] ECS - Config fetch complete @ https://content.powerapps.com/resource/webplayerbus/hashedresources/25q9tvvnh1hs3/js/es6.apphost-runtime.js:35
[66285044ms] [LOG] ECS - Config fetch complete @ https://content.powerapps.com/resource/webplayerbus/hashedresources/25q9tvvnh1hs3/js/es6.apphost-runtime.js:35
[66584800ms] [LOG] ECS - Config fetch complete @ https://content.powerapps.com/resource/webplayerbus/hashedresources/25q9tvvnh1hs3/js/es6.apphost-runtime.js:35
[66585252ms] [LOG] ECS - Config fetch complete @ https://content.powerapps.com/resource/webplayerbus/hashedresources/25q9tvvnh1hs3/js/es6.apphost-runtime.js:35
[66885178ms] [LOG] ECS - Config fetch complete @ https://content.powerapps.com/resource/webplayerbus/hashedresources/25q9tvvnh1hs3/js/es6.apphost-runtime.js:35
[66885468ms] [LOG] ECS - Config fetch complete @ https://content.powerapps.com/resource/webplayerbus/hashedresources/25q9tvvnh1hs3/js/es6.apphost-runtime.js:35
[67185343ms] [LOG] ECS - Config fetch complete @ https://content.powerapps.com/resource/webplayerbus/hashedresources/25q9tvvnh1hs3/js/es6.apphost-runtime.js:35
[67185920ms] [LOG] ECS - Config fetch complete @ https://content.powerapps.com/resource/webplayerbus/hashedresources/25q9tvvnh1hs3/js/es6.apphost-runtime.js:35
[67485624ms] [LOG] ECS - Config fetch complete @ https://content.powerapps.com/resource/webplayerbus/hashedresources/25q9tvvnh1hs3/js/es6.apphost-runtime.js:35
[67486252ms] [LOG] ECS - Config fetch complete @ https://content.powerapps.com/resource/webplayerbus/hashedresources/25q9tvvnh1hs3/js/es6.apphost-runtime.js:35
[67785877ms] [LOG] ECS - Config fetch complete @ https://content.powerapps.com/resource/webplayerbus/hashedresources/25q9tvvnh1hs3/js/es6.apphost-runtime.js:35
[67786599ms] [LOG] ECS - Config fetch complete @ https://content.powerapps.com/resource/webplayerbus/hashedresources/25q9tvvnh1hs3/js/es6.apphost-runtime.js:35
[68086245ms] [LOG] ECS - Config fetch complete @ https://content.powerapps.com/resource/webplayerbus/hashedresources/25q9tvvnh1hs3/js/es6.apphost-runtime.js:35
[68086835ms] [LOG] ECS - Config fetch complete @ https://content.powerapps.com/resource/webplayerbus/hashedresources/25q9tvvnh1hs3/js/es6.apphost-runtime.js:35
[68386564ms] [LOG] ECS - Config fetch complete @ https://content.powerapps.com/resource/webplayerbus/hashedresources/25q9tvvnh1hs3/js/es6.apphost-runtime.js:35
[68387093ms] [LOG] ECS - Config fetch complete @ https://content.powerapps.com/resource/webplayerbus/hashedresources/25q9tvvnh1hs3/js/es6.apphost-runtime.js:35
[68687043ms] [LOG] ECS - Config fetch complete @ https://content.powerapps.com/resource/webplayerbus/hashedresources/25q9tvvnh1hs3/js/es6.apphost-runtime.js:35
[68687294ms] [LOG] ECS - Config fetch complete @ https://content.powerapps.com/resource/webplayerbus/hashedresources/25q9tvvnh1hs3/js/es6.apphost-runtime.js:35
[68987519ms] [LOG] ECS - Config fetch complete @ https://content.powerapps.com/resource/webplayerbus/hashedresources/25q9tvvnh1hs3/js/es6.apphost-runtime.js:35
[68987567ms] [LOG] ECS - Config fetch complete @ https://content.powerapps.com/resource/webplayerbus/hashedresources/25q9tvvnh1hs3/js/es6.apphost-runtime.js:35
[69287862ms] [LOG] ECS - Config fetch complete @ https://content.powerapps.com/resource/webplayerbus/hashedresources/25q9tvvnh1hs3/js/es6.apphost-runtime.js:35
[69288046ms] [LOG] ECS - Config fetch complete @ https://content.powerapps.com/resource/webplayerbus/hashedresources/25q9tvvnh1hs3/js/es6.apphost-runtime.js:35
[69588096ms] [LOG] ECS - Config fetch complete @ https://content.powerapps.com/resource/webplayerbus/hashedresources/25q9tvvnh1hs3/js/es6.apphost-runtime.js:35
[69588289ms] [LOG] ECS - Config fetch complete @ https://content.powerapps.com/resource/webplayerbus/hashedresources/25q9tvvnh1hs3/js/es6.apphost-runtime.js:35
[69888334ms] [LOG] ECS - Config fetch complete @ https://content.powerapps.com/resource/webplayerbus/hashedresources/25q9tvvnh1hs3/js/es6.apphost-runtime.js:35
[69888427ms] [LOG] ECS - Config fetch complete @ https://content.powerapps.com/resource/webplayerbus/hashedresources/25q9tvvnh1hs3/js/es6.apphost-runtime.js:35
[70188660ms] [LOG] ECS - Config fetch complete @ https://content.powerapps.com/resource/webplayerbus/hashedresources/25q9tvvnh1hs3/js/es6.apphost-runtime.js:35
[70188910ms] [LOG] ECS - Config fetch complete @ https://content.powerapps.com/resource/webplayerbus/hashedresources/25q9tvvnh1hs3/js/es6.apphost-runtime.js:35
[70489010ms] [LOG] ECS - Config fetch complete @ https://content.powerapps.com/resource/webplayerbus/hashedresources/25q9tvvnh1hs3/js/es6.apphost-runtime.js:35
[70489101ms] [LOG] ECS - Config fetch complete @ https://content.powerapps.com/resource/webplayerbus/hashedresources/25q9tvvnh1hs3/js/es6.apphost-runtime.js:35
[70789424ms] [LOG] ECS - Config fetch complete @ https://content.powerapps.com/resource/webplayerbus/hashedresources/25q9tvvnh1hs3/js/es6.apphost-runtime.js:35
[70789495ms] [LOG] ECS - Config fetch complete @ https://content.powerapps.com/resource/webplayerbus/hashedresources/25q9tvvnh1hs3/js/es6.apphost-runtime.js:35
[71089683ms] [LOG] ECS - Config fetch complete @ https://content.powerapps.com/resource/webplayerbus/hashedresources/25q9tvvnh1hs3/js/es6.apphost-runtime.js:35
[71089916ms] [LOG] ECS - Config fetch complete @ https://content.powerapps.com/resource/webplayerbus/hashedresources/25q9tvvnh1hs3/js/es6.apphost-runtime.js:35
[71390124ms] [LOG] ECS - Config fetch complete @ https://content.powerapps.com/resource/webplayerbus/hashedresources/25q9tvvnh1hs3/js/es6.apphost-runtime.js:35
[71390210ms] [LOG] ECS - Config fetch complete @ https://content.powerapps.com/resource/webplayerbus/hashedresources/25q9tvvnh1hs3/js/es6.apphost-runtime.js:35
[71690420ms] [LOG] ECS - Config fetch complete @ https://content.powerapps.com/resource/webplayerbus/hashedresources/25q9tvvnh1hs3/js/es6.apphost-runtime.js:35
[71690701ms] [LOG] ECS - Config fetch complete @ https://content.powerapps.com/resource/webplayerbus/hashedresources/25q9tvvnh1hs3/js/es6.apphost-runtime.js:35
[71990602ms] [LOG] ECS - Config fetch complete @ https://content.powerapps.com/resource/webplayerbus/hashedresources/25q9tvvnh1hs3/js/es6.apphost-runtime.js:35
[71991021ms] [LOG] ECS - Config fetch complete @ https://content.powerapps.com/resource/webplayerbus/hashedresources/25q9tvvnh1hs3/js/es6.apphost-runtime.js:35
[72290979ms] [LOG] ECS - Config fetch complete @ https://content.powerapps.com/resource/webplayerbus/hashedresources/25q9tvvnh1hs3/js/es6.apphost-runtime.js:35
[72291351ms] [LOG] ECS - Config fetch complete @ https://content.powerapps.com/resource/webplayerbus/hashedresources/25q9tvvnh1hs3/js/es6.apphost-runtime.js:35
[72591312ms] [LOG] ECS - Config fetch complete @ https://content.powerapps.com/resource/webplayerbus/hashedresources/25q9tvvnh1hs3/js/es6.apphost-runtime.js:35
[72591637ms] [LOG] ECS - Config fetch complete @ https://content.powerapps.com/resource/webplayerbus/hashedresources/25q9tvvnh1hs3/js/es6.apphost-runtime.js:35
[72891565ms] [LOG] ECS - Config fetch complete @ https://content.powerapps.com/resource/webplayerbus/hashedresources/25q9tvvnh1hs3/js/es6.apphost-runtime.js:35
[72891864ms] [LOG] ECS - Config fetch complete @ https://content.powerapps.com/resource/webplayerbus/hashedresources/25q9tvvnh1hs3/js/es6.apphost-runtime.js:35
[73192009ms] [LOG] ECS - Config fetch complete @ https://content.powerapps.com/resource/webplayerbus/hashedresources/25q9tvvnh1hs3/js/es6.apphost-runtime.js:35
[73192264ms] [LOG] ECS - Config fetch complete @ https://content.powerapps.com/resource/webplayerbus/hashedresources/25q9tvvnh1hs3/js/es6.apphost-runtime.js:35
[73492357ms] [LOG] ECS - Config fetch complete @ https://content.powerapps.com/resource/webplayerbus/hashedresources/25q9tvvnh1hs3/js/es6.apphost-runtime.js:35
[73492684ms] [LOG] ECS - Config fetch complete @ https://content.powerapps.com/resource/webplayerbus/hashedresources/25q9tvvnh1hs3/js/es6.apphost-runtime.js:35
[73792616ms] [LOG] ECS - Config fetch complete @ https://content.powerapps.com/resource/webplayerbus/hashedresources/25q9tvvnh1hs3/js/es6.apphost-runtime.js:35
[73793056ms] [LOG] ECS - Config fetch complete @ https://content.powerapps.com/resource/webplayerbus/hashedresources/25q9tvvnh1hs3/js/es6.apphost-runtime.js:35
[74092772ms] [LOG] ECS - Config fetch complete @ https://content.powerapps.com/resource/webplayerbus/hashedresources/25q9tvvnh1hs3/js/es6.apphost-runtime.js:35
[74093308ms] [LOG] ECS - Config fetch complete @ https://content.powerapps.com/resource/webplayerbus/hashedresources/25q9tvvnh1hs3/js/es6.apphost-runtime.js:35
[74393214ms] [LOG] ECS - Config fetch complete @ https://content.powerapps.com/resource/webplayerbus/hashedresources/25q9tvvnh1hs3/js/es6.apphost-runtime.js:35
[74393604ms] [LOG] ECS - Config fetch complete @ https://content.powerapps.com/resource/webplayerbus/hashedresources/25q9tvvnh1hs3/js/es6.apphost-runtime.js:35
[74693398ms] [LOG] ECS - Config fetch complete @ https://content.powerapps.com/resource/webplayerbus/hashedresources/25q9tvvnh1hs3/js/es6.apphost-runtime.js:35
[74693913ms] [LOG] ECS - Config fetch complete @ https://content.powerapps.com/resource/webplayerbus/hashedresources/25q9tvvnh1hs3/js/es6.apphost-runtime.js:35
[74993691ms] [LOG] ECS - Config fetch complete @ https://content.powerapps.com/resource/webplayerbus/hashedresources/25q9tvvnh1hs3/js/es6.apphost-runtime.js:35
[74994333ms] [LOG] ECS - Config fetch complete @ https://content.powerapps.com/resource/webplayerbus/hashedresources/25q9tvvnh1hs3/js/es6.apphost-runtime.js:35
[75293910ms] [LOG] ECS - Config fetch complete @ https://content.powerapps.com/resource/webplayerbus/hashedresources/25q9tvvnh1hs3/js/es6.apphost-runtime.js:35
[75294493ms] [LOG] ECS - Config fetch complete @ https://content.powerapps.com/resource/webplayerbus/hashedresources/25q9tvvnh1hs3/js/es6.apphost-runtime.js:35
[75594106ms] [LOG] ECS - Config fetch complete @ https://content.powerapps.com/resource/webplayerbus/hashedresources/25q9tvvnh1hs3/js/es6.apphost-runtime.js:35
[75594701ms] [LOG] ECS - Config fetch complete @ https://content.powerapps.com/resource/webplayerbus/hashedresources/25q9tvvnh1hs3/js/es6.apphost-runtime.js:35
[75894424ms] [LOG] ECS - Config fetch complete @ https://content.powerapps.com/resource/webplayerbus/hashedresources/25q9tvvnh1hs3/js/es6.apphost-runtime.js:35
[75894966ms] [LOG] ECS - Config fetch complete @ https://content.powerapps.com/resource/webplayerbus/hashedresources/25q9tvvnh1hs3/js/es6.apphost-runtime.js:35
[76194628ms] [LOG] ECS - Config fetch complete @ https://content.powerapps.com/resource/webplayerbus/hashedresources/25q9tvvnh1hs3/js/es6.apphost-runtime.js:35
[76195380ms] [LOG] ECS - Config fetch complete @ https://content.powerapps.com/resource/webplayerbus/hashedresources/25q9tvvnh1hs3/js/es6.apphost-runtime.js:35
[76495062ms] [LOG] ECS - Config fetch complete @ https://content.powerapps.com/resource/webplayerbus/hashedresources/25q9tvvnh1hs3/js/es6.apphost-runtime.js:35
[76495712ms] [LOG] ECS - Config fetch complete @ https://content.powerapps.com/resource/webplayerbus/hashedresources/25q9tvvnh1hs3/js/es6.apphost-runtime.js:35
[76795413ms] [LOG] ECS - Config fetch complete @ https://content.powerapps.com/resource/webplayerbus/hashedresources/25q9tvvnh1hs3/js/es6.apphost-runtime.js:35
[76795853ms] [LOG] ECS - Config fetch complete @ https://content.powerapps.com/resource/webplayerbus/hashedresources/25q9tvvnh1hs3/js/es6.apphost-runtime.js:35
[77095752ms] [LOG] ECS - Config fetch complete @ https://content.powerapps.com/resource/webplayerbus/hashedresources/25q9tvvnh1hs3/js/es6.apphost-runtime.js:35
[77096198ms] [LOG] ECS - Config fetch complete @ https://content.powerapps.com/resource/webplayerbus/hashedresources/25q9tvvnh1hs3/js/es6.apphost-runtime.js:35
[77396014ms] [LOG] ECS - Config fetch complete @ https://content.powerapps.com/resource/webplayerbus/hashedresources/25q9tvvnh1hs3/js/es6.apphost-runtime.js:35
[77396341ms] [LOG] ECS - Config fetch complete @ https://content.powerapps.com/resource/webplayerbus/hashedresources/25q9tvvnh1hs3/js/es6.apphost-runtime.js:35
[77696313ms] [LOG] ECS - Config fetch complete @ https://content.powerapps.com/resource/webplayerbus/hashedresources/25q9tvvnh1hs3/js/es6.apphost-runtime.js:35
[77696722ms] [LOG] ECS - Config fetch complete @ https://content.powerapps.com/resource/webplayerbus/hashedresources/25q9tvvnh1hs3/js/es6.apphost-runtime.js:35
[77996633ms] [LOG] ECS - Config fetch complete @ https://content.powerapps.com/resource/webplayerbus/hashedresources/25q9tvvnh1hs3/js/es6.apphost-runtime.js:35
[77996951ms] [LOG] ECS - Config fetch complete @ https://content.powerapps.com/resource/webplayerbus/hashedresources/25q9tvvnh1hs3/js/es6.apphost-runtime.js:35
[78297036ms] [LOG] ECS - Config fetch complete @ https://content.powerapps.com/resource/webplayerbus/hashedresources/25q9tvvnh1hs3/js/es6.apphost-runtime.js:35
[78297194ms] [LOG] ECS - Config fetch complete @ https://content.powerapps.com/resource/webplayerbus/hashedresources/25q9tvvnh1hs3/js/es6.apphost-runtime.js:35
[78597492ms] [LOG] ECS - Config fetch complete @ https://content.powerapps.com/resource/webplayerbus/hashedresources/25q9tvvnh1hs3/js/es6.apphost-runtime.js:35
[78597742ms] [LOG] ECS - Config fetch complete @ https://content.powerapps.com/resource/webplayerbus/hashedresources/25q9tvvnh1hs3/js/es6.apphost-runtime.js:35
[78897755ms] [LOG] ECS - Config fetch complete @ https://content.powerapps.com/resource/webplayerbus/hashedresources/25q9tvvnh1hs3/js/es6.apphost-runtime.js:35
[78898079ms] [LOG] ECS - Config fetch complete @ https://content.powerapps.com/resource/webplayerbus/hashedresources/25q9tvvnh1hs3/js/es6.apphost-runtime.js:35
[79198049ms] [LOG] ECS - Config fetch complete @ https://content.powerapps.com/resource/webplayerbus/hashedresources/25q9tvvnh1hs3/js/es6.apphost-runtime.js:35
[79198366ms] [LOG] ECS - Config fetch complete @ https://content.powerapps.com/resource/webplayerbus/hashedresources/25q9tvvnh1hs3/js/es6.apphost-runtime.js:35
[79498385ms] [LOG] ECS - Config fetch complete @ https://content.powerapps.com/resource/webplayerbus/hashedresources/25q9tvvnh1hs3/js/es6.apphost-runtime.js:35
[79498675ms] [LOG] ECS - Config fetch complete @ https://content.powerapps.com/resource/webplayerbus/hashedresources/25q9tvvnh1hs3/js/es6.apphost-runtime.js:35
[79798591ms] [LOG] ECS - Config fetch complete @ https://content.powerapps.com/resource/webplayerbus/hashedresources/25q9tvvnh1hs3/js/es6.apphost-runtime.js:35
[79799104ms] [LOG] ECS - Config fetch complete @ https://content.powerapps.com/resource/webplayerbus/hashedresources/25q9tvvnh1hs3/js/es6.apphost-runtime.js:35
[80098931ms] [LOG] ECS - Config fetch complete @ https://content.powerapps.com/resource/webplayerbus/hashedresources/25q9tvvnh1hs3/js/es6.apphost-runtime.js:35
[80099429ms] [LOG] ECS - Config fetch complete @ https://content.powerapps.com/resource/webplayerbus/hashedresources/25q9tvvnh1hs3/js/es6.apphost-runtime.js:35
[80399271ms] [LOG] ECS - Config fetch complete @ https://content.powerapps.com/resource/webplayerbus/hashedresources/25q9tvvnh1hs3/js/es6.apphost-runtime.js:35
[80399754ms] [LOG] ECS - Config fetch complete @ https://content.powerapps.com/resource/webplayerbus/hashedresources/25q9tvvnh1hs3/js/es6.apphost-runtime.js:35
[80699711ms] [LOG] ECS - Config fetch complete @ https://content.powerapps.com/resource/webplayerbus/hashedresources/25q9tvvnh1hs3/js/es6.apphost-runtime.js:35
[80700014ms] [LOG] ECS - Config fetch complete @ https://content.powerapps.com/resource/webplayerbus/hashedresources/25q9tvvnh1hs3/js/es6.apphost-runtime.js:35
[81000248ms] [LOG] ECS - Config fetch complete @ https://content.powerapps.com/resource/webplayerbus/hashedresources/25q9tvvnh1hs3/js/es6.apphost-runtime.js:35
[81000407ms] [LOG] ECS - Config fetch complete @ https://content.powerapps.com/resource/webplayerbus/hashedresources/25q9tvvnh1hs3/js/es6.apphost-runtime.js:35
[81300496ms] [LOG] ECS - Config fetch complete @ https://content.powerapps.com/resource/webplayerbus/hashedresources/25q9tvvnh1hs3/js/es6.apphost-runtime.js:35
[81300660ms] [LOG] ECS - Config fetch complete @ https://content.powerapps.com/resource/webplayerbus/hashedresources/25q9tvvnh1hs3/js/es6.apphost-runtime.js:35
[81600910ms] [LOG] ECS - Config fetch complete @ https://content.powerapps.com/resource/webplayerbus/hashedresources/25q9tvvnh1hs3/js/es6.apphost-runtime.js:35
[81600985ms] [LOG] ECS - Config fetch complete @ https://content.powerapps.com/resource/webplayerbus/hashedresources/25q9tvvnh1hs3/js/es6.apphost-runtime.js:35
[81901111ms] [LOG] ECS - Config fetch complete @ https://content.powerapps.com/resource/webplayerbus/hashedresources/25q9tvvnh1hs3/js/es6.apphost-runtime.js:35
[81901268ms] [LOG] ECS - Config fetch complete @ https://content.powerapps.com/resource/webplayerbus/hashedresources/25q9tvvnh1hs3/js/es6.apphost-runtime.js:35
[82201529ms] [LOG] ECS - Config fetch complete @ https://content.powerapps.com/resource/webplayerbus/hashedresources/25q9tvvnh1hs3/js/es6.apphost-runtime.js:35
[82201782ms] [LOG] ECS - Config fetch complete @ https://content.powerapps.com/resource/webplayerbus/hashedresources/25q9tvvnh1hs3/js/es6.apphost-runtime.js:35
[82501771ms] [LOG] ECS - Config fetch complete @ https://content.powerapps.com/resource/webplayerbus/hashedresources/25q9tvvnh1hs3/js/es6.apphost-runtime.js:35
[82502108ms] [LOG] ECS - Config fetch complete @ https://content.powerapps.com/resource/webplayerbus/hashedresources/25q9tvvnh1hs3/js/es6.apphost-runtime.js:35
[82801896ms] [LOG] ECS - Config fetch complete @ https://content.powerapps.com/resource/webplayerbus/hashedresources/25q9tvvnh1hs3/js/es6.apphost-runtime.js:35
[82802359ms] [LOG] ECS - Config fetch complete @ https://content.powerapps.com/resource/webplayerbus/hashedresources/25q9tvvnh1hs3/js/es6.apphost-runtime.js:35
[83102027ms] [LOG] ECS - Config fetch complete @ https://content.powerapps.com/resource/webplayerbus/hashedresources/25q9tvvnh1hs3/js/es6.apphost-runtime.js:35
[83102599ms] [LOG] ECS - Config fetch complete @ https://content.powerapps.com/resource/webplayerbus/hashedresources/25q9tvvnh1hs3/js/es6.apphost-runtime.js:35
[83402246ms] [LOG] ECS - Config fetch complete @ https://content.powerapps.com/resource/webplayerbus/hashedresources/25q9tvvnh1hs3/js/es6.apphost-runtime.js:35
[83402760ms] [LOG] ECS - Config fetch complete @ https://content.powerapps.com/resource/webplayerbus/hashedresources/25q9tvvnh1hs3/js/es6.apphost-runtime.js:35
[83702563ms] [LOG] ECS - Config fetch complete @ https://content.powerapps.com/resource/webplayerbus/hashedresources/25q9tvvnh1hs3/js/es6.apphost-runtime.js:35
[83702896ms] [LOG] ECS - Config fetch complete @ https://content.powerapps.com/resource/webplayerbus/hashedresources/25q9tvvnh1hs3/js/es6.apphost-runtime.js:35
[84002753ms] [LOG] ECS - Config fetch complete @ https://content.powerapps.com/resource/webplayerbus/hashedresources/25q9tvvnh1hs3/js/es6.apphost-runtime.js:35
[84003110ms] [LOG] ECS - Config fetch complete @ https://content.powerapps.com/resource/webplayerbus/hashedresources/25q9tvvnh1hs3/js/es6.apphost-runtime.js:35
[84303078ms] [LOG] ECS - Config fetch complete @ https://content.powerapps.com/resource/webplayerbus/hashedresources/25q9tvvnh1hs3/js/es6.apphost-runtime.js:35
[84303315ms] [LOG] ECS - Config fetch complete @ https://content.powerapps.com/resource/webplayerbus/hashedresources/25q9tvvnh1hs3/js/es6.apphost-runtime.js:35
[84603308ms] [LOG] ECS - Config fetch complete @ https://content.powerapps.com/resource/webplayerbus/hashedresources/25q9tvvnh1hs3/js/es6.apphost-runtime.js:35
[84603519ms] [LOG] ECS - Config fetch complete @ https://content.powerapps.com/resource/webplayerbus/hashedresources/25q9tvvnh1hs3/js/es6.apphost-runtime.js:35
[84903553ms] [LOG] ECS - Config fetch complete @ https://content.powerapps.com/resource/webplayerbus/hashedresources/25q9tvvnh1hs3/js/es6.apphost-runtime.js:35
[84903836ms] [LOG] ECS - Config fetch complete @ https://content.powerapps.com/resource/webplayerbus/hashedresources/25q9tvvnh1hs3/js/es6.apphost-runtime.js:35
[85203877ms] [LOG] ECS - Config fetch complete @ https://content.powerapps.com/resource/webplayerbus/hashedresources/25q9tvvnh1hs3/js/es6.apphost-runtime.js:35
[85204075ms] [LOG] ECS - Config fetch complete @ https://content.powerapps.com/resource/webplayerbus/hashedresources/25q9tvvnh1hs3/js/es6.apphost-runtime.js:35
[85504286ms] [LOG] ECS - Config fetch complete @ https://content.powerapps.com/resource/webplayerbus/hashedresources/25q9tvvnh1hs3/js/es6.apphost-runtime.js:35
[85504436ms] [LOG] ECS - Config fetch complete @ https://content.powerapps.com/resource/webplayerbus/hashedresources/25q9tvvnh1hs3/js/es6.apphost-runtime.js:35
[85804615ms] [LOG] ECS - Config fetch complete @ https://content.powerapps.com/resource/webplayerbus/hashedresources/25q9tvvnh1hs3/js/es6.apphost-runtime.js:35
[85804708ms] [LOG] ECS - Config fetch complete @ https://content.powerapps.com/resource/webplayerbus/hashedresources/25q9tvvnh1hs3/js/es6.apphost-runtime.js:35
[86104845ms] [LOG] ECS - Config fetch complete @ https://content.powerapps.com/resource/webplayerbus/hashedresources/25q9tvvnh1hs3/js/es6.apphost-runtime.js:35
[86105032ms] [LOG] ECS - Config fetch complete @ https://content.powerapps.com/resource/webplayerbus/hashedresources/25q9tvvnh1hs3/js/es6.apphost-runtime.js:35
[86405070ms] [LOG] ECS - Config fetch complete @ https://content.powerapps.com/resource/webplayerbus/hashedresources/25q9tvvnh1hs3/js/es6.apphost-runtime.js:35
[86405250ms] [LOG] ECS - Config fetch complete @ https://content.powerapps.com/resource/webplayerbus/hashedresources/25q9tvvnh1hs3/js/es6.apphost-runtime.js:35
[86705351ms] [LOG] ECS - Config fetch complete @ https://content.powerapps.com/resource/webplayerbus/hashedresources/25q9tvvnh1hs3/js/es6.apphost-runtime.js:35
[86705534ms] [LOG] ECS - Config fetch complete @ https://content.powerapps.com/resource/webplayerbus/hashedresources/25q9tvvnh1hs3/js/es6.apphost-runtime.js:35
[87005725ms] [LOG] ECS - Config fetch complete @ https://content.powerapps.com/resource/webplayerbus/hashedresources/25q9tvvnh1hs3/js/es6.apphost-runtime.js:35
[87005906ms] [LOG] ECS - Config fetch complete @ https://content.powerapps.com/resource/webplayerbus/hashedresources/25q9tvvnh1hs3/js/es6.apphost-runtime.js:35
[87305878ms] [LOG] ECS - Config fetch complete @ https://content.powerapps.com/resource/webplayerbus/hashedresources/25q9tvvnh1hs3/js/es6.apphost-runtime.js:35
[87306076ms] [LOG] ECS - Config fetch complete @ https://content.powerapps.com/resource/webplayerbus/hashedresources/25q9tvvnh1hs3/js/es6.apphost-runtime.js:35
[87606039ms] [LOG] ECS - Config fetch complete @ https://content.powerapps.com/resource/webplayerbus/hashedresources/25q9tvvnh1hs3/js/es6.apphost-runtime.js:35
[87606236ms] [LOG] ECS - Config fetch complete @ https://content.powerapps.com/resource/webplayerbus/hashedresources/25q9tvvnh1hs3/js/es6.apphost-runtime.js:35
[87906252ms] [LOG] ECS - Config fetch complete @ https://content.powerapps.com/resource/webplayerbus/hashedresources/25q9tvvnh1hs3/js/es6.apphost-runtime.js:35
[87906666ms] [LOG] ECS - Config fetch complete @ https://content.powerapps.com/resource/webplayerbus/hashedresources/25q9tvvnh1hs3/js/es6.apphost-runtime.js:35
[88206600ms] [LOG] ECS - Config fetch complete @ https://content.powerapps.com/resource/webplayerbus/hashedresources/25q9tvvnh1hs3/js/es6.apphost-runtime.js:35
[88207004ms] [LOG] ECS - Config fetch complete @ https://content.powerapps.com/resource/webplayerbus/hashedresources/25q9tvvnh1hs3/js/es6.apphost-runtime.js:35
[88506809ms] [LOG] ECS - Config fetch complete @ https://content.powerapps.com/resource/webplayerbus/hashedresources/25q9tvvnh1hs3/js/es6.apphost-runtime.js:35
[88507331ms] [LOG] ECS - Config fetch complete @ https://content.powerapps.com/resource/webplayerbus/hashedresources/25q9tvvnh1hs3/js/es6.apphost-runtime.js:35
[88807131ms] [LOG] ECS - Config fetch complete @ https://content.powerapps.com/resource/webplayerbus/hashedresources/25q9tvvnh1hs3/js/es6.apphost-runtime.js:35
[88807642ms] [LOG] ECS - Config fetch complete @ https://content.powerapps.com/resource/webplayerbus/hashedresources/25q9tvvnh1hs3/js/es6.apphost-runtime.js:35
[89107357ms] [LOG] ECS - Config fetch complete @ https://content.powerapps.com/resource/webplayerbus/hashedresources/25q9tvvnh1hs3/js/es6.apphost-runtime.js:35
[89107864ms] [LOG] ECS - Config fetch complete @ https://content.powerapps.com/resource/webplayerbus/hashedresources/25q9tvvnh1hs3/js/es6.apphost-runtime.js:35
[89407559ms] [LOG] ECS - Config fetch complete @ https://content.powerapps.com/resource/webplayerbus/hashedresources/25q9tvvnh1hs3/js/es6.apphost-runtime.js:35
[89407998ms] [LOG] ECS - Config fetch complete @ https://content.powerapps.com/resource/webplayerbus/hashedresources/25q9tvvnh1hs3/js/es6.apphost-runtime.js:35
[89707787ms] [LOG] ECS - Config fetch complete @ https://content.powerapps.com/resource/webplayerbus/hashedresources/25q9tvvnh1hs3/js/es6.apphost-runtime.js:35
[89708310ms] [LOG] ECS - Config fetch complete @ https://content.powerapps.com/resource/webplayerbus/hashedresources/25q9tvvnh1hs3/js/es6.apphost-runtime.js:35
[90007925ms] [LOG] ECS - Config fetch complete @ https://content.powerapps.com/resource/webplayerbus/hashedresources/25q9tvvnh1hs3/js/es6.apphost-runtime.js:35
[90008728ms] [LOG] ECS - Config fetch complete @ https://content.powerapps.com/resource/webplayerbus/hashedresources/25q9tvvnh1hs3/js/es6.apphost-runtime.js:35
[90308361ms] [LOG] ECS - Config fetch complete @ https://content.powerapps.com/resource/webplayerbus/hashedresources/25q9tvvnh1hs3/js/es6.apphost-runtime.js:35
[90308977ms] [LOG] ECS - Config fetch complete @ https://content.powerapps.com/resource/webplayerbus/hashedresources/25q9tvvnh1hs3/js/es6.apphost-runtime.js:35
[90608669ms] [LOG] ECS - Config fetch complete @ https://content.powerapps.com/resource/webplayerbus/hashedresources/25q9tvvnh1hs3/js/es6.apphost-runtime.js:35
[90609113ms] [LOG] ECS - Config fetch complete @ https://content.powerapps.com/resource/webplayerbus/hashedresources/25q9tvvnh1hs3/js/es6.apphost-runtime.js:35
[90909135ms] [LOG] ECS - Config fetch complete @ https://content.powerapps.com/resource/webplayerbus/hashedresources/25q9tvvnh1hs3/js/es6.apphost-runtime.js:35
[90909452ms] [LOG] ECS - Config fetch complete @ https://content.powerapps.com/resource/webplayerbus/hashedresources/25q9tvvnh1hs3/js/es6.apphost-runtime.js:35
[91096488ms] [WARNING] An iframe which has both allow-scripts and allow-same-origin for its sandbox attribute can escape its sandboxing. @ https://content.powerapps.com/resource/webplayerbus/hashedresources/tik4r5b1bk552/js/es6.player-boot.js:460
[91097175ms] [WARNING] An iframe which has both allow-scripts and allow-same-origin for its sandbox attribute can escape its sandboxing. @ https://apps.powerapps.com/auth/redirect#error=interaction_required&error_description=AADSTS160021%3a+Application+requested+a+user+session+which+does+not+exist.+Trace+ID%3a+f8472161-3524-411a-9aea-6010303a4200+Correlation+ID%3a+8d29195e-b2d3-4792-b5b8-58f2c53eda71+Timestamp%3a+2026-09-12+15%3a34%3a18Z&state=eyJpZCI6IjAxYTA5NjQxLTUyNzYtNzk4NS04YzNiLTU3ZGI1Y2U5ZmRjZiIsIm1ldGEiOnsiaW50ZXJhY3Rpb25UeXBlIjoic2lsZW50In19&clientdata=e%7c160021%7c%7cmicrosoftonline.com%7ceudb:0
[91209268ms] [LOG] ECS - Config fetch complete @ https://content.powerapps.com/resource/webplayerbus/hashedresources/25q9tvvnh1hs3/js/es6.apphost-runtime.js:35
[91209653ms] [LOG] ECS - Config fetch complete @ https://content.powerapps.com/resource/webplayerbus/hashedresources/25q9tvvnh1hs3/js/es6.apphost-runtime.js:35
[91509501ms] [LOG] ECS - Config fetch complete @ https://content.powerapps.com/resource/webplayerbus/hashedresources/25q9tvvnh1hs3/js/es6.apphost-runtime.js:35
[91509795ms] [LOG] ECS - Config fetch complete @ https://content.powerapps.com/resource/webplayerbus/hashedresources/25q9tvvnh1hs3/js/es6.apphost-runtime.js:35
[91809810ms] [LOG] ECS - Config fetch complete @ https://content.powerapps.com/resource/webplayerbus/hashedresources/25q9tvvnh1hs3/js/es6.apphost-runtime.js:35
[91810119ms] [LOG] ECS - Config fetch complete @ https://content.powerapps.com/resource/webplayerbus/hashedresources/25q9tvvnh1hs3/js/es6.apphost-runtime.js:35
[92109997ms] [LOG] ECS - Config fetch complete @ https://content.powerapps.com/resource/webplayerbus/hashedresources/25q9tvvnh1hs3/js/es6.apphost-runtime.js:35
[92110278ms] [LOG] ECS - Config fetch complete @ https://content.powerapps.com/resource/webplayerbus/hashedresources/25q9tvvnh1hs3/js/es6.apphost-runtime.js:35
[92410311ms] [LOG] ECS - Config fetch complete @ https://content.powerapps.com/resource/webplayerbus/hashedresources/25q9tvvnh1hs3/js/es6.apphost-runtime.js:35
[92410619ms] [LOG] ECS - Config fetch complete @ https://content.powerapps.com/resource/webplayerbus/hashedresources/25q9tvvnh1hs3/js/es6.apphost-runtime.js:35
[92710661ms] [LOG] ECS - Config fetch complete @ https://content.powerapps.com/resource/webplayerbus/hashedresources/25q9tvvnh1hs3/js/es6.apphost-runtime.js:35
[92710972ms] [LOG] ECS - Config fetch complete @ https://content.powerapps.com/resource/webplayerbus/hashedresources/25q9tvvnh1hs3/js/es6.apphost-runtime.js:35
[93010802ms] [LOG] ECS - Config fetch complete @ https://content.powerapps.com/resource/webplayerbus/hashedresources/25q9tvvnh1hs3/js/es6.apphost-runtime.js:35
[93011219ms] [LOG] ECS - Config fetch complete @ https://content.powerapps.com/resource/webplayerbus/hashedresources/25q9tvvnh1hs3/js/es6.apphost-runtime.js:35
